source,reason,duplicate_strategy,date,gender,level,surface,tourney_name,round,api_match_id,api_event_key,winner_api_key,winner_api_name,winner_mapping_status,winner_sackmann_key,loser_api_key,loser_api_name,loser_mapping_status,loser_sackmann_key,sackmann_match_id
sackmann,winner_loser_same_player_key,,2024-06-24,,,,,,,,,,,,,,,,
api_tennis,one_mapped,,2026-05-26,men,qualifying,hard,Centurion (South Africa) - Qualification,Centurion - 1/16-finals,api_tennis:12130402,12130402,men:api:3318,Edward Winter,auto_mapped,men:sackmann:210399,men:api:1200,Mukund Sasikumar,unmapped,,
api_tennis,one_mapped,,2026-05-26,men,challenger,clay,Vicenza,Vicenza - 1/16-finals,api_tennis:12130712,12130712,men:api:32558,Josef Schwaerzler Joel,unmapped,,men:api:5675,Enrico Dalla Valle,auto_mapped,men:sackmann:133872,
api_tennis,one_mapped,,2026-05-26,women,itf,clay,W15 Tsaghkadzor 2,W15 Tsaghkadzor 2 - 1/16-finals,api_tennis:12130753,12130753,women:api:38938,Maria Mikhaylova,unmapped,,women:api:75365,D. Kharlanova,auto_mapped,women:sackmann:267888,
api_tennis,one_mapped,,2026-05-26,men,itf,hard,M15 Kayseri 2,M15 Kayseri 2 - 1/16-finals,api_tennis:12130769,12130769,men:api:72766,Rafael De Alba,auto_mapped,men:sackmann:208908,men:api:22255,Dimitris Azoidis,unmapped,,
api_tennis,one_mapped,,2026-05-26,men,itf,clay,M25 Bol 2,M25 Bol 2 - 1/16-finals,api_tennis:12130800,12130800,men:api:14638,Nikita Mashtakov,unmapped,,men:api:81046,Karlo Kajin,auto_mapped,men:sackmann:208007,
api_tennis,one_mapped,,2026-05-26,men,itf,hard,M15 Monastir 20,M15 Monastir 20 - 1/16-finals,api_tennis:12130830,12130830,men:api:8655,Nazim Makhlouf,unmapped,,men:api:90464,D. Agarwal,auto_mapped,men:sackmann:214168,
api_tennis,one_mapped,,2026-05-26,women,itf,hard,W15 Monastir 15,W15 Monastir 15 - 1/16-finals,api_tennis:12130847,12130847,women:api:57058,Aurora Urso,auto_mapped,women:sackmann:220071,women:api:102790,S. S. Challarapu R. V.,unmapped,,
api_tennis,one_mapped,,2026-05-26,men,itf,clay,M25 Carnac,M25 Carnac - 1/16-finals,api_tennis:12130981,12130981,men:api:9687,Antonio Nunez Daniel,auto_mapped,men:sackmann:208411,men:api:61033,Timeo Trufelli,ambiguous,,
api_tennis,one_mapped,,2026-05-27,men,grand_slam,clay,French Open,ATP French Open - 1/32-finals,api_tennis:12130701,12130701,men:api:902,Jakub Mensik,ambiguous,,men:api:949,Mariano Navone,auto_mapped,men:sackmann:208363,
api_tennis,one_mapped,,2026-05-27,men,itf,clay,M25 Bol 2,M25 Bol 2 - 1/16-finals,api_tennis:12130807,12130807,men:api:392,Duje Ajdukovic,auto_mapped,men:sackmann:207213,men:api:2516,Jakub Nicod,ambiguous,,
api_tennis,one_mapped,,2026-05-27,men,itf,hard,M15 Gimcheon 2,M15 Gimcheon 2 - 1/16-finals,api_tennis:12131051,12131051,men:api:10295,Sanhui Shin,unmapped,,men:api:784,Kazuma Kawachi,auto_mapped,men:sackmann:124074,
api_tennis,one_mapped,,2026-05-27,men,challenger,clay,Vicenza,Vicenza - 1/8-finals,api_tennis:12131110,12131110,men:api:55858,Diego Dedura,unmapped,,men:api:20697,Samuele Pieri,auto_mapped,men:sackmann:210129,
api_tennis,one_mapped,,2026-05-27,men,itf,clay,M15 Brcko,M15 Brcko - 1/16-finals,api_tennis:12131141,12131141,men:api:40212,Daniel Salazar,unmapped,,men:api:38072,Matthias Ujvary,auto_mapped,men:sackmann:210745,
api_tennis,one_mapped,,2026-05-27,men,itf,clay,M15 Brcko,M15 Brcko - 1/16-finals,api_tennis:12131144,12131144,men:api:13823,Attila Boros,auto_mapped,men:sackmann:210236,men:api:95473,K. T. Rosenkranz,unmapped,,
api_tennis,one_mapped,,2026-05-27,women,itf,hard,W15 Monastir 15,W15 Monastir 15 - 1/16-finals,api_tennis:12131161,12131161,women:api:102570,G. Mais,unmapped,,women:api:17,Francesca Dell'Edera,auto_mapped,women:sackmann:214974,
api_tennis,one_mapped,,2026-05-27,women,itf,clay,W15 Tsaghkadzor 2,W15 Tsaghkadzor 2 - 1/16-finals,api_tennis:12131176,12131176,women:api:87011,Alisa Danilova,auto_mapped,women:sackmann:206161,women:api:2115,Ginevra Parentini,unmapped,,
api_tennis,one_mapped,,2026-05-27,men,itf,hard,M15 Kayseri 2,M15 Kayseri 2 - 1/16-finals,api_tennis:12131185,12131185,men:api:58219,Efe Tufekci Cagan,unmapped,,men:api:13973,V. Osminkin,auto_mapped,men:sackmann:209858,
api_tennis,one_mapped,,2026-05-27,women,itf,hard,W15 Kayseri 2,W15 Kayseri 2 - 1/16-finals,api_tennis:12131201,12131201,women:api:20381,Kateryna Diatlova,unmapped,,women:api:99,Ashmitha Easwaramurthi,auto_mapped,women:sackmann:205492,
api_tennis,one_mapped,,2026-05-27,women,itf,hard,W15 Kayseri 2,W15 Kayseri 2 - 1/16-finals,api_tennis:12131207,12131207,women:api:13544,Duru Soke,auto_mapped,women:sackmann:224488,women:api:4112,Y. Kim,ambiguous,,
api_tennis,one_mapped,,2026-05-27,men,itf,clay,M15 Kranjska Gora (Slovenia),M15 Kranjska Gora - 1/16-finals,api_tennis:12131215,12131215,men:api:70351,Nicolo Toffanin,auto_mapped,men:sackmann:211532,men:api:102953,G. L. Zajc,unmapped,,
api_tennis,one_mapped,,2026-05-27,men,itf,clay,M15 Kranjska Gora (Slovenia),M15 Kranjska Gora - 1/16-finals,api_tennis:12131222,12131222,men:api:54471,Milos Mikovic,auto_mapped,men:sackmann:212278,men:api:102954,N. M. Becirovic,unmapped,,
api_tennis,one_mapped,,2026-05-27,men,itf,hard,M15 Monastir 20,M15 Monastir 20 - 1/16-finals,api_tennis:12131246,12131246,men:api:76980,Yoshka Sborowsky,auto_mapped,men:sackmann:213716,men:api:82785,Nicolas Robert,unmapped,,
api_tennis,one_mapped,,2026-05-27,men,itf,hard,M15 Monastir 20,M15 Monastir 20 - 1/16-finals,api_tennis:12131249,12131249,men:api:55148,Markus Molder,auto_mapped,men:sackmann:212533,men:api:102960,L. Soares,unmapped,,
api_tennis,one_mapped,,2026-05-27,men,itf,clay,M15 Tsaghkadzor,M15 Tsaghkadzor - 1/16-finals,api_tennis:12131252,12131252,men:api:682,Lorenzo Bocchi,auto_mapped,men:sackmann:200595,men:api:83228,A. Aiukhanov,ambiguous,,
api_tennis,one_mapped,,2026-05-27,men,itf,clay,M25 Kursumlijska Banja,M25 Kursumlijska Banja - 1/16-finals,api_tennis:12131278,12131278,men:api:74446,Dmytro Shirokyi,unmapped,,men:api:55610,Thomas George Benjamin,auto_mapped,men:sackmann:212259,
api_tennis,one_mapped,,2026-05-27,women,itf,clay,W15 Oliva (Spain),W15 Oliva - 1/16-finals,api_tennis:12131296,12131296,women:api:32562,Shannon Lam,auto_mapped,women:sackmann:260845,women:api:73111,Camila Rodero,ambiguous,,
api_tennis,one_mapped,,2026-05-27,women,itf,clay,W15 Szentendre (Hungary),W15 Szentendre - 1/16-finals,api_tennis:12131310,12131310,women:api:69063,Safina Popa Giulia,auto_mapped,women:sackmann:267428,women:api:55518,M. Biro,ambiguous,,
api_tennis,one_mapped,,2026-05-27,women,itf,clay,W35 Bol 2,W35 Bol 2 - 1/16-finals,api_tennis:12131318,12131318,women:api:37979,Elena Korokozidi,auto_mapped,women:sackmann:222481,women:api:2578,Tara Wuerth,unmapped,,
api_tennis,one_mapped,,2026-05-27,women,itf,hard,"W35 Wichita, KS","W35 Wichita, KS - 1/16-finals",api_tennis:12131380,12131380,women:api:14205,Qyinlomo Quadre Barakat,unmapped,,women:api:96725,Kaya Moe,auto_mapped,women:sackmann:270454,
api_tennis,one_mapped,,2026-05-27,women,itf,hard,"W15 Lakewood, CA","W15 Lakewood, CA - 1/16-finals",api_tennis:12131406,12131406,women:api:1358,Anne-Christine Lutkemeyer,unmapped,,women:api:81652,Elvira Juravliova,auto_mapped,women:sackmann:214891,
api_tennis,one_mapped,,2026-05-28,men,challenger,clay,Vicenza,Vicenza - 1/8-finals,api_tennis:12131353,12131353,men:api:1338,Pol Martin Tiffon,auto_mapped,men:sackmann:207546,men:api:32558,Josef Schwaerzler Joel,unmapped,,
api_tennis,one_mapped,,2026-05-28,men,itf,hard,M15 Gimcheon 2,M15 Gimcheon 2 - 1/8-finals,api_tennis:12131427,12131427,men:api:10295,Sanhui Shin,unmapped,,men:api:2453,Naoki Tajima,auto_mapped,men:sackmann:207248,
api_tennis,one_mapped,,2026-05-28,men,itf,clay,M25 Kursumlijska Banja,M25 Kursumlijska Banja - 1/8-finals,api_tennis:12131445,12131445,men:api:13386,Svyatoslav Gulin,auto_mapped,men:sackmann:210425,men:api:74446,Dmytro Shirokyi,unmapped,,
api_tennis,one_mapped,,2026-05-28,women,itf,hard,W15 Kayseri 2,W15 Kayseri 2 - 1/8-finals,api_tennis:12131566,12131566,women:api:39124,Asylzhan Arystanbekova,auto_mapped,women:sackmann:237465,women:api:20381,Kateryna Diatlova,unmapped,,
api_tennis,one_mapped,,2026-05-28,men,itf,clay,M15 Brcko,M15 Brcko - 1/8-finals,api_tennis:12131615,12131615,men:api:700,Amaury Raynel,auto_mapped,men:sackmann:209985,men:api:40212,Daniel Salazar,unmapped,,
api_tennis,one_mapped,,2026-05-28,men,itf,hard,M15 Monastir 20,M15 Monastir 20 - 1/8-finals,api_tennis:12131644,12131644,men:api:804,Toufik Sahtali,auto_mapped,men:sackmann:200086,men:api:8655,Nazim Makhlouf,unmapped,,
api_tennis,one_mapped,,2026-05-28,men,itf,clay,M25 Bol 2,M25 Bol 2 - 1/8-finals,api_tennis:12131660,12131660,men:api:4061,Andrey Chepelev,auto_mapped,men:sackmann:200184,men:api:14638,Nikita Mashtakov,unmapped,,
api_tennis,one_mapped,,2026-05-28,women,itf,clay,W15 Tsaghkadzor 2,W15 Tsaghkadzor 2 - 1/8-finals,api_tennis:12131673,12131673,women:api:52840,Anna Sedysheva,auto_mapped,women:sackmann:264073,women:api:38938,Maria Mikhaylova,unmapped,,
api_tennis,none_mapped,,2026-05-28,men,grand_slam,clay,French Open,Boys French Open - Semi-finals,api_tennis:12131711,12131711,men:api:85065,Isik Kosaner Kaan,unmapped,,men:api:102985,X. Massotte,unmapped,,
api_tennis,one_mapped,,2026-05-28,men,grand_slam,clay,French Open,Boys French Open - Semi-finals,api_tennis:12131712,12131712,men:api:88816,Jan Sadzik,auto_mapped,men:sackmann:214087,men:api:8579,M. Cho,unmapped,,
api_tennis,one_mapped,,2026-05-28,men,grand_slam,clay,French Open,Boys French Open - Semi-finals,api_tennis:12131713,12131713,men:api:102705,Ntungamili Raguin,auto_mapped,men:sackmann:214547,men:api:102986,M. Vukovic,unmapped,,
api_tennis,one_mapped,,2026-05-28,men,grand_slam,clay,French Open,Boys French Open - Semi-finals,api_tennis:12131717,12131717,men:api:92494,F. Roussel,auto_mapped,men:sackmann:214222,men:api:102987,T. Kawaguchi,unmapped,,
api_tennis,one_mapped,,2026-05-28,men,grand_slam,clay,French Open,Boys French Open - Semi-finals,api_tennis:12131718,12131718,men:api:76358,L. Yunez,auto_mapped,men:sackmann:214303,men:api:53732,A. Blus,unmapped,,
api_tennis,none_mapped,,2026-05-28,men,grand_slam,clay,French Open,Boys French Open - Semi-finals,api_tennis:12131720,12131720,men:api:101032,S. Azam,unmapped,,men:api:102989,E. Giurescu,unmapped,,
api_tennis,none_mapped,,2026-05-28,men,grand_slam,clay,French Open,Boys French Open - Semi-finals,api_tennis:12131721,12131721,men:api:102991,C. Thies,unmapped,,men:api:102990,A. Dubreuil,unmapped,,
api_tennis,one_mapped,,2026-05-28,men,grand_slam,clay,French Open,Boys French Open - Semi-finals,api_tennis:12131725,12131725,men:api:95164,O. Majdandzic,unmapped,,men:api:80824,Eudald Gonzalez,auto_mapped,men:sackmann:214337,
api_tennis,one_mapped,,2026-05-28,men,grand_slam,clay,French Open,Boys French Open - Semi-finals,api_tennis:12131726,12131726,men:api:102992,N. Raghuram,unmapped,,men:api:78441,Kunanan Pantaratorn,auto_mapped,men:sackmann:213979,
api_tennis,one_mapped,,2026-05-28,women,grand_slam,clay,French Open,Girls French Open - Semi-finals,api_tennis:12131732,12131732,women:api:90816,Ilary Pistola,auto_mapped,women:sackmann:270265,women:api:58205,N. Lee,ambiguous,,
api_tennis,one_mapped,,2026-05-28,women,grand_slam,clay,French Open,Girls French Open - Semi-finals,api_tennis:12131733,12131733,women:api:102993,E. Dotsenko,unmapped,,women:api:74806,Zhang-Qian Wei,auto_mapped,women:sackmann:268781,
api_tennis,none_mapped,,2026-05-28,women,grand_slam,clay,French Open,Girls French Open - Semi-finals,api_tennis:12131735,12131735,women:api:102994,M. V. Pop,unmapped,,women:api:89210,R. Yoshida,ambiguous,,
api_tennis,one_mapped,,2026-05-28,women,grand_slam,clay,French Open,Girls French Open - Semi-finals,api_tennis:12131736,12131736,women:api:54661,Shiyu Ye,ambiguous,,women:api:5055,A. Kharchenko,auto_mapped,women:sackmann:270103,
api_tennis,one_mapped,,2026-05-28,women,grand_slam,clay,French Open,Girls French Open - Semi-finals,api_tennis:12131738,12131738,women:api:71661,K. Zajickova,unmapped,,women:api:96867,A. Brunet-Brady,auto_mapped,women:sackmann:270452,
api_tennis,one_mapped,,2026-05-28,women,itf,hard,W15 Monastir 15,W15 Monastir 15 - 1/8-finals,api_tennis:12131762,12131762,women:api:38007,Maria Oliver Sanchez,auto_mapped,women:sackmann:220563,women:api:102570,G. Mais,unmapped,,
api_tennis,one_mapped,,2026-05-28,women,itf,hard,"W15 Lakewood, CA","W15 Lakewood, CA - 1/8-finals",api_tennis:12131776,12131776,women:api:1358,Anne-Christine Lutkemeyer,unmapped,,women:api:84317,Kenzie Nguyen,auto_mapped,women:sackmann:264138,
api_tennis,one_mapped,,2026-05-29,men,grand_slam,clay,French Open,ATP French Open - 1/16-finals,api_tennis:12131506,12131506,men:api:902,Jakub Mensik,ambiguous,,men:api:1106,Alex De Minaur,auto_mapped,men:sackmann:200282,
api_tennis,one_mapped,,2026-05-29,men,qualifying,clay,Vicenza,Vicenza - Quarter-finals,api_tennis:12131516,12131516,men:api:2672,Stefano Travaglia,auto_mapped,men:sackmann:105882,men:api:55858,Diego Dedura,unmapped,,
api_tennis,one_mapped,,2026-05-29,men,itf,hard,M15 Kayseri 2,M15 Kayseri 2 - 1/8-finals,api_tennis:12131627,12131627,men:api:38167,Patrick Schoen,auto_mapped,men:sackmann:211566,men:api:58219,Efe Tufekci Cagan,unmapped,,
api_tennis,one_mapped,,2026-05-29,women,itf,hard,"W35 Wichita, KS","W35 Wichita, KS - 1/8-finals",api_tennis:12131751,12131751,women:api:13919,Sahaja Yamalapalli,auto_mapped,women:sackmann:246481,women:api:14205,Qyinlomo Quadre Barakat,unmapped,,
api_tennis,one_mapped,,2026-05-29,men,qualifying,hard,M15 Gimcheon 2,M15 Gimcheon 2 - Quarter-finals,api_tennis:12131816,12131816,men:api:10295,Sanhui Shin,unmapped,,men:api:32066,Yeonsu Jeong,auto_mapped,men:sackmann:212232,
api_tennis,one_mapped,,2026-05-29,men,grand_slam,clay,French Open,Boys French Open - Final,api_tennis:12131854,12131854,men:api:85065,Isik Kosaner Kaan,unmapped,,men:api:88816,Jan Sadzik,auto_mapped,men:sackmann:214087,
api_tennis,one_mapped,,2026-05-29,men,grand_slam,clay,French Open,Boys French Open - Final,api_tennis:12131880,12131880,men:api:101032,S. Azam,unmapped,,men:api:76358,L. Yunez,auto_mapped,men:sackmann:214303,
api_tennis,none_mapped,,2026-05-29,women,grand_slam,clay,French Open,Girls French Open - Final,api_tennis:12131883,12131883,women:api:54661,Shiyu Ye,ambiguous,,women:api:102994,M. V. Pop,unmapped,,
api_tennis,one_mapped,,2026-05-29,women,grand_slam,clay,French Open,Girls French Open - Final,api_tennis:12131885,12131885,women:api:102993,E. Dotsenko,unmapped,,women:api:3663,D. Britton,auto_mapped,women:sackmann:270485,
api_tennis,one_mapped,,2026-05-29,men,grand_slam,clay,French Open,Boys French Open - Final,api_tennis:12131985,12131985,men:api:95164,O. Majdandzic,unmapped,,men:api:75886,O. Ogunsakin,auto_mapped,men:sackmann:213595,
api_tennis,none_mapped,,2026-05-29,men,grand_slam,clay,French Open,Boys French Open - Final,api_tennis:12131986,12131986,men:api:102991,C. Thies,unmapped,,men:api:102992,N. Raghuram,unmapped,,
api_tennis,one_mapped,,2026-05-29,women,grand_slam,clay,French Open,Girls French Open - Final,api_tennis:12131987,12131987,women:api:71661,K. Zajickova,unmapped,,women:api:94454,E. V. Eigelsbach,auto_mapped,women:sackmann:270401,
api_tennis,one_mapped,,2026-05-29,women,qualifying,hard,"W15 Lakewood, CA","W15 Lakewood, CA - Quarter-finals",api_tennis:12132006,12132006,women:api:1358,Anne-Christine Lutkemeyer,unmapped,,women:api:50654,Dasha Plekhanova,auto_mapped,women:sackmann:223203,
api_tennis,one_mapped,,2026-05-30,men,itf,hard,M15 Gimcheon 2,M15 Gimcheon 2 - Semi-finals,api_tennis:12132022,12132022,men:api:10296,Ju Kim Dong,auto_mapped,men:sackmann:207456,men:api:10295,Sanhui Shin,unmapped,,
api_tennis,one_mapped,,2026-05-30,women,challenger,grass,Birmingham,Birmingham - Semi-finals,api_tennis:12132108,12132108,women:api:12716,Mananchaya Sawangkaew,auto_mapped,women:sackmann:216566,women:api:462,Lily Miyazaki Yuriko,unmapped,,
api_tennis,one_mapped,,2026-05-30,women,itf,hard,"W15 Lakewood, CA","W15 Lakewood, CA - Semi-finals",api_tennis:12132129,12132129,women:api:1358,Anne-Christine Lutkemeyer,unmapped,,women:api:2225,Aoran Wang,auto_mapped,women:sackmann:270480,
api_tennis,one_mapped,,2026-05-31,men,grand_slam,clay,French Open,ATP French Open - 1/8-finals,api_tennis:12132121,12132121,men:api:902,Jakub Mensik,ambiguous,,men:api:2847,Andrey Rublev,auto_mapped,men:sackmann:126094,
api_tennis,one_mapped,,2026-05-31,men,grand_slam,clay,French Open,Boys French Open - 1/32-finals,api_tennis:12132175,12132175,men:api:95164,O. Majdandzic,unmapped,,men:api:89241,Tanishk Konduri,auto_mapped,men:sackmann:214433,
api_tennis,one_mapped,,2026-05-31,men,grand_slam,clay,French Open,Boys French Open - 1/32-finals,api_tennis:12132181,12132181,men:api:54888,Matei Todoran,auto_mapped,men:sackmann:212294,men:api:61033,Timeo Trufelli,ambiguous,,
api_tennis,one_mapped,,2026-05-31,men,grand_slam,clay,French Open,Boys French Open - 1/32-finals,api_tennis:12132182,12132182,men:api:78985,Jamie Mackenzie,auto_mapped,men:sackmann:214018,men:api:101032,S. Azam,unmapped,,
api_tennis,one_mapped,,2026-05-31,men,grand_slam,clay,French Open,Boys French Open - 1/32-finals,api_tennis:12132183,12132183,men:api:68659,Theodor Alexandrescou Yannick,unmapped,,men:api:66906,D. Zhalgasbay,auto_mapped,men:sackmann:212846,
api_tennis,one_mapped,,2026-05-31,men,grand_slam,clay,French Open,Boys French Open - 1/32-finals,api_tennis:12132193,12132193,men:api:95212,K. Watanabe,unmapped,,men:api:70745,Rhys Lawlor,auto_mapped,men:sackmann:214213,
api_tennis,none_mapped,,2026-05-31,men,grand_slam,clay,French Open,Boys French Open - 1/32-finals,api_tennis:12132199,12132199,men:api:78983,T. Behrmann,unmapped,,men:api:83917,B. Geldof,unmapped,,
api_tennis,one_mapped,,2026-05-31,men,grand_slam,clay,French Open,Boys French Open - 1/32-finals,api_tennis:12132201,12132201,men:api:63406,K. S. Chen,ambiguous,,men:api:87145,M. V. Chelemen,auto_mapped,men:sackmann:214027,
api_tennis,one_mapped,,2026-05-31,women,grand_slam,clay,French Open,Girls French Open - 1/32-finals,api_tennis:12132207,12132207,women:api:78734,Nehira Sanon,auto_mapped,women:sackmann:270047,women:api:30904,T. Hermanova,unmapped,,
api_tennis,one_mapped,,2026-05-31,women,grand_slam,clay,French Open,Girls French Open - 1/32-finals,api_tennis:12132212,12132212,women:api:95213,S. Bielinska,auto_mapped,women:sackmann:270467,women:api:103004,E. Gomes,unmapped,,
api_tennis,one_mapped,,2026-05-31,women,grand_slam,clay,French Open,Girls French Open - 1/32-finals,api_tennis:12132218,12132218,women:api:69063,Safina Popa Giulia,auto_mapped,women:sackmann:267428,women:api:54661,Shiyu Ye,ambiguous,,
api_tennis,one_mapped,,2026-05-31,women,grand_slam,clay,French Open,Girls French Open - 1/32-finals,api_tennis:12132236,12132236,women:api:102993,E. Dotsenko,unmapped,,women:api:63490,Ksenia Efremova,auto_mapped,women:sackmann:266469,
api_tennis,one_mapped,,2026-05-31,women,grand_slam,clay,French Open,Girls French Open - 1/32-finals,api_tennis:12132237,12132237,women:api:57899,Anastasija Cvetkovic,auto_mapped,women:sackmann:264167,women:api:95215,A. Malova,unmapped,,
api_tennis,one_mapped,,2026-05-31,men,challenger,grass,Birmingham,Birmingham - Semi-finals,api_tennis:12132261,12132261,men:api:1882,James McCabe,auto_mapped,men:sackmann:210317,men:api:103005,B. Moxon,unmapped,,
api_tennis,one_mapped,,2026-05-31,men,challenger,clay,Perugia,Perugia - Semi-finals,api_tennis:12132283,12132283,men:api:586,Jelle Sels,auto_mapped,men:sackmann:125847,men:api:84405,E. Betti,unmapped,,
api_tennis,one_mapped,,2026-05-31,men,challenger,clay,Perugia,Perugia - Semi-finals,api_tennis:12132286,12132286,men:api:2019,David Jorda Sanchis,auto_mapped,men:sackmann:122554,men:api:28671,D. Fornaci,unmapped,,
api_tennis,one_mapped,,2026-05-31,men,challenger,clay,Perugia,Perugia - Semi-finals,api_tennis:12132292,12132292,men:api:10022,Lucio Ratti,auto_mapped,men:sackmann:211636,men:api:103006,N. Bartolucci,unmapped,,
api_tennis,none_mapped,,2026-05-31,men,challenger,clay,Prostejov,Prostejov - Semi-finals,api_tennis:12132297,12132297,men:api:2481,Alafia Ayeni,unmapped,,men:api:2516,Jakub Nicod,ambiguous,,
api_tennis,one_mapped,,2026-05-31,men,challenger,clay,Prostejov,Prostejov - Semi-finals,api_tennis:12132299,12132299,men:api:558,Daniel Dutra Da Silva,auto_mapped,men:sackmann:105180,men:api:102651,M. Bekeni,unmapped,,
api_tennis,one_mapped,,2026-05-31,men,challenger,clay,Heilbronn,Heilbronn - Semi-finals,api_tennis:12132399,12132399,men:api:9219,Abedallah Shelbayh,auto_mapped,men:sackmann:209406,men:api:103050,K. Akkocaoglu,unmapped,,
api_tennis,one_mapped,,2026-05-31,women,itf,hard,"W15 Lakewood, CA","W15 Lakewood, CA - Final",api_tennis:12132408,12132408,women:api:37904,Tatum Evans,auto_mapped,women:sackmann:249679,women:api:1358,Anne-Christine Lutkemeyer,unmapped,,
api_tennis,one_mapped,,2026-05-31,men,challenger,hard,Tyler,Tyler - Semi-finals,api_tennis:12132428,12132428,men:api:662,Bruno Kuzuhara,ambiguous,,men:api:411,Daniel Masur,auto_mapped,men:sackmann:109054,
api_tennis,none_mapped,,2026-06-01,men,grand_slam,clay,French Open,Boys French Open - 1/32-finals,api_tennis:12132187,12132187,men:api:90024,F. L. Storck,unmapped,,men:api:83915,P. Pradat,unmapped,,
api_tennis,one_mapped,,2026-06-01,men,grand_slam,clay,French Open,Boys French Open - 1/32-finals,api_tennis:12132190,12132190,men:api:84807,Rihards Neimanis,auto_mapped,men:sackmann:213196,men:api:102991,C. Thies,unmapped,,
api_tennis,one_mapped,,2026-06-01,men,grand_slam,clay,French Open,Boys French Open - 1/32-finals,api_tennis:12132191,12132191,men:api:67442,Augusto Miguel Luis,unmapped,,men:api:74279,Hyu Kawanishi,auto_mapped,men:sackmann:213213,
api_tennis,one_mapped,,2026-06-01,men,grand_slam,clay,French Open,Boys French Open - 1/32-finals,api_tennis:12132194,12132194,men:api:85065,Isik Kosaner Kaan,unmapped,,men:api:68730,Mickael Kaouk,auto_mapped,men:sackmann:213174,
api_tennis,one_mapped,,2026-06-01,men,grand_slam,clay,French Open,Boys French Open - 1/32-finals,api_tennis:12132195,12132195,men:api:68750,Jack Kennedy,ambiguous,,men:api:30069,E. Camacho,auto_mapped,men:sackmann:214304,
api_tennis,one_mapped,,2026-06-01,women,grand_slam,clay,French Open,Girls French Open - 1/32-finals,api_tennis:12132217,12132217,women:api:82564,Xinran Sun,auto_mapped,women:sackmann:270082,women:api:71661,K. Zajickova,unmapped,,
api_tennis,one_mapped,,2026-06-01,men,challenger,clay,Heilbronn,Heilbronn - 1/16-finals,api_tennis:12132418,12132418,men:api:28615,Matej Dodig,auto_mapped,men:sackmann:212063,men:api:32558,Josef Schwaerzler Joel,unmapped,,
api_tennis,one_mapped,,2026-06-01,men,challenger,clay,Prostejov,Prostejov - Final,api_tennis:12132449,12132449,men:api:24283,Alberto Caniato Carlo,auto_mapped,men:sackmann:212241,men:api:2481,Alafia Ayeni,unmapped,,
api_tennis,one_mapped,,2026-06-01,men,grand_slam,clay,French Open,Boys French Open - 1/16-finals,api_tennis:12132456,12132456,men:api:86725,Michael Antonius,auto_mapped,men:sackmann:214004,men:api:95212,K. Watanabe,unmapped,,
api_tennis,one_mapped,,2026-06-01,men,grand_slam,clay,French Open,Boys French Open - 1/16-finals,api_tennis:12132505,12132505,men:api:64476,Arnav Paparkar,auto_mapped,men:sackmann:213980,men:api:63406,K. S. Chen,ambiguous,,
api_tennis,one_mapped,,2026-06-01,men,grand_slam,clay,French Open,Boys French Open - 1/16-finals,api_tennis:12132508,12132508,men:api:68659,Theodor Alexandrescou Yannick,unmapped,,men:api:100794,Nikita Belozertsev,manual_mapped,men:sackmann:212756,
api_tennis,none_mapped,,2026-06-01,men,grand_slam,clay,French Open,Boys French Open - 1/16-finals,api_tennis:12132560,12132560,men:api:78983,T. Behrmann,unmapped,,men:api:95164,O. Majdandzic,unmapped,,
api_tennis,one_mapped,,2026-06-01,men,challenger,hard,Tyler,Tyler - Final,api_tennis:12132606,12132606,men:api:6696,Andrew Fenty,auto_mapped,men:sackmann:208649,men:api:662,Bruno Kuzuhara,ambiguous,,
api_tennis,one_mapped,,2026-06-02,men,qualifying,hard,Centurion 2 (South Africa) - Qualification,Centurion 2 - 1/16-finals,api_tennis:12132335,12132335,men:api:627,Giles Hussey,auto_mapped,men:sackmann:208144,men:api:1200,Mukund Sasikumar,unmapped,,
api_tennis,one_mapped,,2026-06-02,women,grand_slam,clay,French Open,Girls French Open - 1/16-finals,api_tennis:12132513,12132513,women:api:102993,E. Dotsenko,unmapped,,women:api:69063,Safina Popa Giulia,auto_mapped,women:sackmann:267428,
api_tennis,one_mapped,,2026-06-02,men,grand_slam,clay,French Open,ATP French Open - Quarter-finals,api_tennis:12132608,12132608,men:api:902,Jakub Mensik,ambiguous,,men:api:40058,Joao Fonseca,auto_mapped,men:sackmann:211663,
api_tennis,one_mapped,,2026-06-02,men,grand_slam,clay,French Open,Boys French Open - 1/16-finals,api_tennis:12132613,12132613,men:api:67442,Augusto Miguel Luis,unmapped,,men:api:73844,R. Cozad,auto_mapped,men:sackmann:213743,
api_tennis,one_mapped,,2026-06-02,men,grand_slam,clay,French Open,Boys French Open - 1/16-finals,api_tennis:12132615,12132615,men:api:90024,F. L. Storck,unmapped,,men:api:83931,Yannik Alvarez,auto_mapped,men:sackmann:214425,
api_tennis,one_mapped,,2026-06-02,men,grand_slam,clay,French Open,Boys French Open - 1/16-finals,api_tennis:12132645,12132645,men:api:68750,Jack Kennedy,ambiguous,,men:api:63427,Daniel Jade,auto_mapped,men:sackmann:212711,
api_tennis,one_mapped,,2026-06-02,men,grand_slam,clay,French Open,Boys French Open - 1/16-finals,api_tennis:12132646,12132646,men:api:85065,Isik Kosaner Kaan,unmapped,,men:api:63487,Ryo Tabata,auto_mapped,men:sackmann:212944,
api_tennis,one_mapped,,2026-06-02,women,itf,clay,W15 Osijek,W15 Osijek - 1/16-finals,api_tennis:12132724,12132724,women:api:54092,Teodora Sava Ioana,ambiguous,,women:api:74921,Dominika Pirohova,auto_mapped,women:sackmann:269718,
api_tennis,one_mapped,,2026-06-02,men,challenger,clay,Heilbronn,Heilbronn - 1/16-finals,api_tennis:12132760,12132760,men:api:55858,Diego Dedura,unmapped,,men:api:9110,Max Wiskandt,auto_mapped,men:sackmann:208328,
api_tennis,one_mapped,,2026-06-02,men,itf,hard,M15 Kayseri 3,M15 Kayseri 3 - 1/16-finals,api_tennis:12132775,12132775,men:api:35788,Stefan Cooper,auto_mapped,men:sackmann:138104,men:api:58219,Efe Tufekci Cagan,unmapped,,
api_tennis,one_mapped,,2026-06-02,men,itf,hard,M15 Kayseri 3,M15 Kayseri 3 - 1/16-finals,api_tennis:12132777,12132777,men:api:22255,Dimitris Azoidis,unmapped,,men:api:85926,Kaan Oktay Ramazan,auto_mapped,men:sackmann:213958,
api_tennis,one_mapped,,2026-06-02,women,itf,hard,W15 Kayseri 3,W15 Kayseri 3 - 1/16-finals,api_tennis:12132795,12132795,women:api:20381,Kateryna Diatlova,unmapped,,women:api:76960,Nicole Giannini,auto_mapped,women:sackmann:252507,
api_tennis,one_mapped,,2026-06-02,women,itf,hard,W15 Kayseri 3,W15 Kayseri 3 - 1/16-finals,api_tennis:12132796,12132796,women:api:65462,Zuzanna Kolonus,auto_mapped,women:sackmann:266720,women:api:89986,A. Kostiushkina,unmapped,,
api_tennis,one_mapped,,2026-06-02,women,itf,clay,W15 Ontinyent (Spain),W15 Ontinyent - 1/16-finals,api_tennis:12132810,12132810,women:api:73111,Camila Rodero,ambiguous,,women:api:62060,Cayetana Gay,auto_mapped,women:sackmann:260178,
api_tennis,one_mapped,,2026-06-02,women,itf,hard,W15 Brasilia (Brazil),W15 Brasilia - 1/16-finals,api_tennis:12132953,12132953,women:api:57688,Leticia Garcia Vidal,auto_mapped,women:sackmann:211592,women:api:24284,Rosa Dourado Zimermman Jennifer,unmapped,,
api_tennis,one_mapped,,2026-06-02,women,itf,hard,W15 Brasilia (Brazil),W15 Brasilia - 1/16-finals,api_tennis:12132954,12132954,women:api:92934,Eduarda Carbone Maria,unmapped,,women:api:103336,M. E. Lepesqueur Moreti,auto_mapped,women:sackmann:270564,
api_tennis,one_mapped,,2026-06-03,men,grand_slam,clay,French Open,Boys French Open - 1/8-finals,api_tennis:12132684,12132684,men:api:86725,Michael Antonius,auto_mapped,men:sackmann:214004,men:api:68659,Theodor Alexandrescou Yannick,unmapped,,
api_tennis,one_mapped,,2026-06-03,women,itf,hard,W50 Montemor-o-Novo,W50 Montemor-o-Novo - 1/16-finals,api_tennis:12132923,12132923,women:api:7520,Manon Leonard,auto_mapped,women:sackmann:215807,women:api:8237,Kaur Thandi Karman,unmapped,,
api_tennis,one_mapped,,2026-06-03,men,itf,clay,M25 Cuiaba,M25 Cuiaba - 1/16-finals,api_tennis:12133011,12133011,men:api:63483,Enzo Kohlmann,unmapped,,men:api:90843,Glauco Pinheiro da Cruz Junior,auto_mapped,men:sackmann:213415,
api_tennis,one_mapped,,2026-06-03,men,itf,hard,M15 Luan 3,M15 Luan 3 - 1/16-finals,api_tennis:12133058,12133058,men:api:87958,Daniel Abd Hazli Imran,unmapped,,men:api:23831,Nikita Ianin,auto_mapped,men:sackmann:210394,
api_tennis,one_mapped,,2026-06-03,men,itf,hard,M15 Luan 3,M15 Luan 3 - 1/16-finals,api_tennis:12133064,12133064,men:api:40127,Qian Sun,auto_mapped,men:sackmann:208229,men:api:56741,Xiaoyin Yang,ambiguous,,
api_tennis,one_mapped,,2026-06-03,men,grand_slam,clay,French Open,Boys French Open - 1/8-finals,api_tennis:12133083,12133083,men:api:78983,T. Behrmann,unmapped,,men:api:68179,Mathys Domenc,auto_mapped,men:sackmann:212912,
api_tennis,one_mapped,,2026-06-03,men,grand_slam,clay,French Open,Boys French Open - 1/8-finals,api_tennis:12133084,12133084,men:api:15332,Keaton Hance,auto_mapped,men:sackmann:213825,men:api:85065,Isik Kosaner Kaan,unmapped,,
api_tennis,one_mapped,,2026-06-03,men,grand_slam,clay,French Open,Boys French Open - 1/8-finals,api_tennis:12133089,12133089,men:api:67442,Augusto Miguel Luis,unmapped,,men:api:85340,Nicolas Baena,auto_mapped,men:sackmann:213950,
api_tennis,one_mapped,,2026-06-03,men,grand_slam,clay,French Open,Boys French Open - 1/8-finals,api_tennis:12133090,12133090,men:api:68750,Jack Kennedy,ambiguous,,men:api:64476,Arnav Paparkar,auto_mapped,men:sackmann:213980,
api_tennis,one_mapped,,2026-06-03,women,grand_slam,clay,French Open,Girls French Open - 1/8-finals,api_tennis:12133093,12133093,women:api:102993,E. Dotsenko,unmapped,,women:api:70149,Mariella Thamm,auto_mapped,women:sackmann:265701,
api_tennis,one_mapped,,2026-06-03,men,itf,hard,M15 Monastir 21,M15 Monastir 21 - 1/16-finals,api_tennis:12133141,12133141,men:api:8655,Nazim Makhlouf,unmapped,,men:api:37992,Michael Bassem Sobhy,auto_mapped,men:sackmann:209971,
api_tennis,one_mapped,,2026-06-03,men,itf,clay,M15 Tsaghkadzor 2,M15 Tsaghkadzor 2 - 1/16-finals,api_tennis:12133196,12133196,men:api:83228,A. Aiukhanov,ambiguous,,men:api:88817,Uladzislau Tarasevich,auto_mapped,men:sackmann:214088,
api_tennis,one_mapped,,2026-06-03,men,itf,clay,M15 Tsaghkadzor 2,M15 Tsaghkadzor 2 - 1/16-finals,api_tennis:12133198,12133198,men:api:38321,Ruslan Tiukaev,auto_mapped,men:sackmann:211700,men:api:103296,R. Valetov,unmapped,,
api_tennis,one_mapped,,2026-06-03,men,itf,hard,M15 Kayseri 3,M15 Kayseri 3 - 1/16-finals,api_tennis:12133212,12133212,men:api:39941,Maxwell McKennon,auto_mapped,men:sackmann:208297,men:api:76298,Bogdan Seleznev,unmapped,,
api_tennis,one_mapped,,2026-06-03,men,itf,clay,M15 Szentendre,M15 Szentendre - 1/16-finals,api_tennis:12133223,12133223,men:api:923,Peter Fajta,auto_mapped,men:sackmann:209302,men:api:95473,K. T. Rosenkranz,unmapped,,
api_tennis,one_mapped,,2026-06-03,men,itf,clay,M15 Szentendre,M15 Szentendre - 1/16-finals,api_tennis:12133224,12133224,men:api:40212,Daniel Salazar,unmapped,,men:api:58191,Patrik Meszaros,auto_mapped,men:sackmann:211536,
api_tennis,one_mapped,,2026-06-03,men,itf,clay,M15 Szentendre,M15 Szentendre - 1/16-finals,api_tennis:12133225,12133225,men:api:102704,Heorhii Shylov,auto_mapped,men:sackmann:214541,men:api:103306,M. Liszka,unmapped,,
api_tennis,one_mapped,,2026-06-03,women,itf,clay,W15 Ontinyent (Spain),W15 Ontinyent - 1/16-finals,api_tennis:12133260,12133260,women:api:35765,E. Molla Pons,auto_mapped,women:sackmann:260907,women:api:37163,V. N. Sarganella,unmapped,,
api_tennis,one_mapped,,2026-06-03,women,itf,clay,W15 Casablanca,W15 Casablanca - 1/16-finals,api_tennis:12133309,12133309,women:api:38938,Maria Mikhaylova,unmapped,,women:api:66423,M. Tahiri,auto_mapped,women:sackmann:260359,
api_tennis,one_mapped,,2026-06-03,women,itf,clay,W15 Casablanca,W15 Casablanca - 1/16-finals,api_tennis:12133317,12133317,women:api:13258,Emma Lene,auto_mapped,women:sackmann:215778,women:api:93192,A. Kyselova,unmapped,,
api_tennis,one_mapped,,2026-06-03,men,grand_slam,clay,French Open,Boys French Open - 1/8-finals,api_tennis:12133337,12133337,men:api:90024,F. L. Storck,unmapped,,men:api:78981,Zangar Nurlanuly,auto_mapped,men:sackmann:213930,
api_tennis,one_mapped,,2026-06-03,women,itf,hard,W15 Brasilia (Brazil),W15 Brasilia - 1/16-finals,api_tennis:12133374,12133374,women:api:78136,Marjorie Souza,auto_mapped,women:sackmann:260455,women:api:93255,D. Teodoro Souza,unmapped,,
api_tennis,one_mapped,,2026-06-03,women,itf,hard,"W15 Lakewood, CA 2","W15 Lakewood, CA 2 - 1/16-finals",api_tennis:12133400,12133400,women:api:33954,Mayu Crossley,auto_mapped,women:sackmann:260714,women:api:84316,Y. Zhytelna,unmapped,,
api_tennis,one_mapped,,2026-06-03,men,itf,hard,"M15 Lakewood, CA 2","M15 Lakewood, CA 2 - 1/16-finals",api_tennis:12133716,12133716,men:api:1758,Dmitry Popko,auto_mapped,men:sackmann:122078,men:api:92862,Nikolas Stoot Donald,unmapped,,
api_tennis,one_mapped,,2026-06-04,women,itf,clay,W15 Focsani,W15 Focsani - 1/16-finals,api_tennis:12132733,12132733,women:api:14380,Anastasia Safta,auto_mapped,women:sackmann:255666,women:api:13991,Garbiela Vasilescu Arina,unmapped,,
api_tennis,one_mapped,,2026-06-04,women,itf,clay,W15 Banja Luka,W15 Banja Luka - 1/16-finals,api_tennis:12133110,12133110,women:api:103277,A. Nesmianovych,auto_mapped,women:sackmann:232891,women:api:84070,A. Adeikyte,ambiguous,,
api_tennis,one_mapped,,2026-06-04,women,itf,clay,W15 Banja Luka,W15 Banja Luka - 1/16-finals,api_tennis:12133113,12133113,women:api:67678,Nala Kovacic,auto_mapped,women:sackmann:266892,women:api:1030,Vladlena Bokova,unmapped,,
api_tennis,one_mapped,,2026-06-04,women,itf,clay,W15 Osijek,W15 Osijek - 1/16-finals,api_tennis:12133185,12133185,women:api:70676,G. Nemcsek,ambiguous,,women:api:102025,M. Les,auto_mapped,women:sackmann:270528,
api_tennis,one_mapped,,2026-06-04,men,challenger,clay,Heilbronn,Heilbronn - 1/8-finals,api_tennis:12133343,12133343,men:api:55858,Diego Dedura,unmapped,,men:api:2408,Lucas Reis Da Silva Joao,auto_mapped,men:sackmann:206307,
api_tennis,one_mapped,,2026-06-04,men,itf,hard,M15 Luan 3,M15 Luan 3 - 1/8-finals,api_tennis:12133454,12133454,men:api:87958,Daniel Abd Hazli Imran,unmapped,,men:api:25015,Sam Ryan Ziegann,auto_mapped,men:sackmann:208160,
api_tennis,none_mapped,,2026-06-04,men,grand_slam,clay,French Open,Boys French Open - Quarter-finals,api_tennis:12133480,12133480,men:api:90024,F. L. Storck,unmapped,,men:api:68750,Jack Kennedy,ambiguous,,
api_tennis,none_mapped,,2026-06-04,men,grand_slam,clay,French Open,Boys French Open - Quarter-finals,api_tennis:12133481,12133481,men:api:67442,Augusto Miguel Luis,unmapped,,men:api:78983,T. Behrmann,unmapped,,
api_tennis,one_mapped,,2026-06-04,women,grand_slam,clay,French Open,Girls French Open - Quarter-finals,api_tennis:12133499,12133499,women:api:78480,Alisa Oktiabreva,auto_mapped,women:sackmann:260765,women:api:102993,E. Dotsenko,unmapped,,
api_tennis,one_mapped,,2026-06-04,women,itf,clay,W15 Focsani,W15 Focsani - 1/16-finals,api_tennis:12133549,12133549,women:api:52647,Daria Yesypchuk,auto_mapped,women:sackmann:260032,women:api:2115,Ginevra Parentini,unmapped,,
api_tennis,one_mapped,,2026-06-04,men,itf,clay,M15 Tsaghkadzor 2,M15 Tsaghkadzor 2 - 1/8-finals,api_tennis:12133565,12133565,men:api:682,Lorenzo Bocchi,auto_mapped,men:sackmann:200595,men:api:83228,A. Aiukhanov,ambiguous,,
api_tennis,one_mapped,,2026-06-04,men,itf,hard,M15 Kayseri 3,M15 Kayseri 3 - 1/8-finals,api_tennis:12133575,12133575,men:api:22255,Dimitris Azoidis,unmapped,,men:api:72766,Rafael De Alba,auto_mapped,men:sackmann:208908,
api_tennis,one_mapped,,2026-06-04,men,itf,clay,M15 Szentendre,M15 Szentendre - 1/8-finals,api_tennis:12133578,12133578,men:api:40212,Daniel Salazar,unmapped,,men:api:10487,Aleksandr Braynin,auto_mapped,men:sackmann:202089,
api_tennis,one_mapped,,2026-06-04,women,itf,clay,W15 Ontinyent (Spain),W15 Ontinyent - 1/8-finals,api_tennis:12133617,12133617,women:api:74878,Neus Torner Sensano,auto_mapped,women:sackmann:269717,women:api:73111,Camila Rodero,ambiguous,,
api_tennis,one_mapped,,2026-06-04,men,itf,hard,M15 Monastir 21,M15 Monastir 21 - 1/8-finals,api_tennis:12133656,12133656,men:api:8655,Nazim Makhlouf,unmapped,,men:api:10856,Matthew Rankin,auto_mapped,men:sackmann:211677,
api_tennis,one_mapped,,2026-06-04,women,itf,clay,W15 Casablanca,W15 Casablanca - 1/8-finals,api_tennis:12133702,12133702,women:api:54884,Lorena Solar Donoso,auto_mapped,women:sackmann:260860,women:api:38938,Maria Mikhaylova,unmapped,,
api_tennis,one_mapped,,2026-06-04,women,itf,hard,W15 Brasilia (Brazil),W15 Brasilia - 1/8-finals,api_tennis:12133729,12133729,women:api:92934,Eduarda Carbone Maria,unmapped,,women:api:2120,Julia Konishi Camargo Silva,auto_mapped,women:sackmann:220578,
api_tennis,one_mapped,,2026-06-04,men,itf,clay,M25 Cuiaba,M25 Cuiaba - 1/8-finals,api_tennis:12133741,12133741,men:api:10017,Manuel La Serna Juan,auto_mapped,men:sackmann:210412,men:api:63483,Enzo Kohlmann,unmapped,,
api_tennis,one_mapped,,2026-06-04,women,itf,hard,W15 Kayseri 3,W15 Kayseri 3 - 1/8-finals,api_tennis:12133789,12133789,women:api:68363,Alana Subasic,auto_mapped,women:sackmann:261049,women:api:20381,Kateryna Diatlova,unmapped,,
api_tennis,one_mapped,,2026-06-04,women,itf,clay,W15 Osijek,W15 Osijek - 1/8-finals,api_tennis:12133834,12133834,women:api:29,Bianca Barbulescu,auto_mapped,women:sackmann:239393,women:api:70676,G. Nemcsek,ambiguous,,
api_tennis,one_mapped,,2026-06-04,women,itf,clay,W15 Osijek,W15 Osijek - 1/8-finals,api_tennis:12133835,12133835,women:api:2117,Eszter Meri,auto_mapped,women:sackmann:221150,women:api:54092,Teodora Sava Ioana,ambiguous,,
api_tennis,one_mapped,,2026-06-05,men,grand_slam,clay,French Open,ATP French Open - Semi-finals,api_tennis:12133368,12133368,men:api:1980,Alexander Zverev,auto_mapped,men:sackmann:100644,men:api:902,Jakub Mensik,ambiguous,,
api_tennis,one_mapped,,2026-06-05,men,qualifying,hard,M15 Luan 3,M15 Luan 3 - Quarter-finals,api_tennis:12133816,12133816,men:api:37952,Yecong Mo,auto_mapped,men:sackmann:202168,men:api:87958,Daniel Abd Hazli Imran,unmapped,,
api_tennis,none_mapped,,2026-06-05,men,grand_slam,clay,French Open,Boys French Open - Semi-finals,api_tennis:12133856,12133856,men:api:67442,Augusto Miguel Luis,unmapped,,men:api:90024,F. L. Storck,unmapped,,
api_tennis,one_mapped,,2026-06-05,men,qualifying,clay,Heilbronn,Heilbronn - Quarter-finals,api_tennis:12133865,12133865,men:api:55858,Diego Dedura,unmapped,,men:api:395,Marco Trungelliti,auto_mapped,men:sackmann:105477,
api_tennis,one_mapped,,2026-06-05,men,qualifying,hard,M15 Monastir 21,M15 Monastir 21 - Quarter-finals,api_tennis:12133871,12133871,men:api:73862,Benjamin Willwerth,auto_mapped,men:sackmann:213653,men:api:8655,Nazim Makhlouf,unmapped,,
api_tennis,one_mapped,,2026-06-05,men,qualifying,clay,M15 Szentendre,M15 Szentendre - Quarter-finals,api_tennis:12133890,12133890,men:api:15664,Peter Makk,auto_mapped,men:sackmann:207407,men:api:40212,Daniel Salazar,unmapped,,
api_tennis,one_mapped,,2026-06-05,men,qualifying,hard,M15 Kayseri 3,M15 Kayseri 3 - Quarter-finals,api_tennis:12133921,12133921,men:api:22255,Dimitris Azoidis,unmapped,,men:api:54464,Adhithya Ganesan,auto_mapped,men:sackmann:212258,
api_tennis,one_mapped,,2026-06-05,women,qualifying,hard,W15 Brasilia (Brazil),W15 Brasilia - Quarter-finals,api_tennis:12134012,12134012,women:api:78136,Marjorie Souza,auto_mapped,women:sackmann:260455,women:api:92934,Eduarda Carbone Maria,unmapped,,
api_tennis,one_mapped,,2026-06-06,men,grand_slam,clay,French Open,Boys French Open - Final,api_tennis:12134068,12134068,men:api:67442,Augusto Miguel Luis,unmapped,,men:api:86725,Michael Antonius,auto_mapped,men:sackmann:214004,
api_tennis,one_mapped,,2026-06-06,men,challenger,clay,Heilbronn,Heilbronn - Semi-finals,api_tennis:12134111,12134111,men:api:938,Luka Mikrut,auto_mapped,men:sackmann:210053,men:api:55858,Diego Dedura,unmapped,,
api_tennis,one_mapped,,2026-06-06,men,itf,hard,M15 Kayseri 3,M15 Kayseri 3 - Semi-finals,api_tennis:12134114,12134114,men:api:22255,Dimitris Azoidis,unmapped,,men:api:4727,Ivan Marrero Curbelo,auto_mapped,men:sackmann:202326,
api_tennis,one_mapped,,2026-06-06,women,atp_wta,grass,Hertogenbosch,WTA Hertogenbosch - Semi-finals,api_tennis:12134179,12134179,women:api:451,Lin Zhu,manual_mapped,women:sackmann:202684,women:api:38969,Youngsuh Lee Carol,unmapped,,
api_tennis,one_mapped,,2026-06-07,women,atp_wta,grass,London,WTA London - Semi-finals,api_tennis:12134193,12134193,women:api:2414,Tatjana Maria,auto_mapped,women:sackmann:213583,women:api:462,Lily Miyazaki Yuriko,unmapped,,
api_tennis,one_mapped,,2026-06-07,men,itf,hard,M15 Kayseri 3,M15 Kayseri 3 - Final,api_tennis:12134314,12134314,men:api:22255,Dimitris Azoidis,unmapped,,men:api:11692,Naci Turker Mert,auto_mapped,men:sackmann:125833,
api_tennis,one_mapped,,2026-06-07,men,challenger,clay,Bratislava,Bratislava - Semi-finals,api_tennis:12134340,12134340,men:api:668,Mathys Erhard,auto_mapped,men:sackmann:207231,men:api:79642,Fares Zakaria,unmapped,,
api_tennis,one_mapped,,2026-06-07,men,challenger,clay,Bratislava,Bratislava - Semi-finals,api_tennis:12134343,12134343,men:api:868,Akira Santillan,auto_mapped,men:sackmann:117361,men:api:102651,M. Bekeni,unmapped,,
api_tennis,one_mapped,,2026-06-07,men,challenger,clay,Bratislava,Bratislava - Semi-finals,api_tennis:12134347,12134347,men:api:9219,Abedallah Shelbayh,auto_mapped,men:sackmann:209406,men:api:103415,M. Lorincik,unmapped,,
api_tennis,one_mapped,,2026-06-07,men,challenger,clay,Lyon,Lyon - Semi-finals,api_tennis:12134369,12134369,men:api:428,Johan Nikles,auto_mapped,men:sackmann:126627,men:api:103450,J. Fabre,unmapped,,
api_tennis,one_mapped,,2026-06-07,women,challenger,grass,Ilkley,Ilkley - Semi-finals,api_tennis:12134381,12134381,women:api:1149,Tereza Martincova,auto_mapped,women:sackmann:206124,women:api:55157,Brooke Black,ambiguous,,
api_tennis,one_mapped,,2026-06-07,men,challenger,clay,San Miguel de Tucuman,San Miguel de Tucuman - Semi-finals,api_tennis:12134486,12134486,men:api:2188,Arklon Huertas Del Pino Cordova,unmapped,,men:api:74472,Ignacio Gallego Juan,auto_mapped,men:sackmann:213200,
api_tennis,one_mapped,,2026-06-07,men,challenger,clay,San Miguel de Tucuman,San Miguel de Tucuman - Semi-finals,api_tennis:12134490,12134490,men:api:9221,Alexander Rodriguez Johan,unmapped,,men:api:38057,Manuel Mouilleron Salvo,auto_mapped,men:sackmann:211389,
api_tennis,one_mapped,,2026-06-09,men,atp_wta,clay,Stuttgart,ATP Stuttgart - 1/16-finals,api_tennis:12134302,12134302,men:api:1900,James Duckworth,auto_mapped,men:sackmann:105902,men:api:55858,Diego Dedura,unmapped,,
api_tennis,one_mapped,,2026-06-09,men,challenger,clay,San Miguel de Tucuman,San Miguel de Tucuman - Final,api_tennis:12134537,12134537,men:api:2188,Arklon Huertas Del Pino Cordova,unmapped,,men:api:14275,Mateo Del Pino,auto_mapped,men:sackmann:210182,
api_tennis,one_mapped,,2026-06-09,men,challenger,clay,San Miguel de Tucuman,San Miguel de Tucuman - Final,api_tennis:12134570,12134570,men:api:9221,Alexander Rodriguez Johan,unmapped,,men:api:5469,Wilson Leite,auto_mapped,men:sackmann:105868,
api_tennis,one_mapped,,2026-06-09,women,itf,hard,W15 Tokyo,W15 Tokyo - 1/16-finals,api_tennis:12134619,12134619,women:api:50670,Kurea Hayasaka,auto_mapped,women:sackmann:263865,women:api:89210,R. Yoshida,ambiguous,,
api_tennis,one_mapped,,2026-06-09,women,itf,clay,W15 Merzig,W15 Merzig - 1/16-finals,api_tennis:12134681,12134681,women:api:52647,Daria Yesypchuk,auto_mapped,women:sackmann:260032,women:api:87042,Kamper Malmkjaer Emma,unmapped,,
api_tennis,one_mapped,,2026-06-09,women,itf,clay,W75 Ceska Lipa,W75 Ceska Lipa - 1/16-finals,api_tennis:12134696,12134696,women:api:162,Wilda Hennemann Caijsa,auto_mapped,women:sackmann:216385,women:api:2576,A. Kucmova,unmapped,,
api_tennis,one_mapped,,2026-06-09,men,itf,hard,M15 Kayseri 4,M15 Kayseri 4 - 1/16-finals,api_tennis:12134761,12134761,men:api:55761,Amir Milushev,auto_mapped,men:sackmann:212037,men:api:103493,A. Baybars,unmapped,,
api_tennis,one_mapped,,2026-06-09,men,itf,clay,M15 Nyiregyhaza,M15 Nyiregyhaza - 1/16-finals,api_tennis:12134783,12134783,men:api:20776,Leyton Rivera,auto_mapped,men:sackmann:208864,men:api:61033,Timeo Trufelli,ambiguous,,
api_tennis,one_mapped,,2026-06-09,men,itf,clay,M15 Messina,M15 Messina - 1/16-finals,api_tennis:12135002,12135002,men:api:1295,Fausto Tabacco,auto_mapped,men:sackmann:208285,men:api:103642,G. Pistoia,unmapped,,
api_tennis,one_mapped,,2026-06-09,men,itf,clay,M15 Brasilia,M15 Brasilia - 1/16-finals,api_tennis:12135012,12135012,men:api:63732,Breno Braga,auto_mapped,men:sackmann:213393,men:api:103669,J. Cunha,unmapped,,
api_tennis,one_mapped,,2026-06-09,men,itf,clay,M15 Brasilia,M15 Brasilia - 1/16-finals,api_tennis:12135018,12135018,men:api:79817,Felipe Vazquez,auto_mapped,men:sackmann:213746,men:api:103670,M. Henrique,unmapped,,
api_tennis,one_mapped,,2026-06-09,women,itf,hard,W15 Kayseri 4,W15 Kayseri 4 - 1/16-finals,api_tennis:12135032,12135032,women:api:82838,U.-S. Jeong,auto_mapped,women:sackmann:267705,women:api:20381,Kateryna Diatlova,unmapped,,
api_tennis,one_mapped,,2026-06-09,women,itf,clay,W35 Cuiaba,W35 Cuiaba - 1/16-finals,api_tennis:12135044,12135044,women:api:78280,Giovana Schincariol Delatorre Barbosa,auto_mapped,women:sackmann:266781,women:api:92934,Eduarda Carbone Maria,unmapped,,
api_tennis,one_mapped,,2026-06-10,men,challenger,grass,Ilkley,Ilkley - 1/16-finals,api_tennis:12134460,12134460,men:api:66839,Dar. Blanch,ambiguous,,men:api:421,Christopher O'Connell,manual_mapped,men:sackmann:106331,
api_tennis,one_mapped,,2026-06-10,women,itf,clay,W75 Ceska Lipa,W75 Ceska Lipa - 1/16-finals,api_tennis:12134708,12134708,women:api:1807,Georgiana Serban Raluca,unmapped,,women:api:226,Sapfo Sakellaridi,auto_mapped,women:sackmann:220364,
api_tennis,one_mapped,,2026-06-10,men,itf,clay,M25 Ceska Lipa,M25 Ceska Lipa - 1/16-finals,api_tennis:12134746,12134746,men:api:37919,Matyas Cerny,auto_mapped,men:sackmann:210063,men:api:71651,M. Frohlich,unmapped,,
api_tennis,one_mapped,,2026-06-10,men,itf,clay,M25 Ceska Lipa,M25 Ceska Lipa - 1/16-finals,api_tennis:12134750,12134750,men:api:57536,Jakub Filip,auto_mapped,men:sackmann:210623,men:api:2516,Jakub Nicod,ambiguous,,
api_tennis,one_mapped,,2026-06-10,men,itf,hard,M25 Martos,M25 Martos - 1/16-finals,api_tennis:12134931,12134931,men:api:57566,Rafael Izquierdo Luque,auto_mapped,men:sackmann:202258,men:api:103609,T. Miranda,unmapped,,
api_tennis,one_mapped,,2026-06-10,women,itf,clay,W100 Zagreb (Croatia),W100 Zagreb - 1/16-finals,api_tennis:12134949,12134949,women:api:9242,Kiara Toth Amarissa,auto_mapped,women:sackmann:221004,women:api:4802,Caroline Werner,unmapped,,
api_tennis,one_mapped,,2026-06-10,women,itf,clay,W35 San Gregorio 3 (Italy),W35 San Gregorio 3 - 1/16-finals,api_tennis:12134958,12134958,women:api:80157,Beatrise Zeltina,auto_mapped,women:sackmann:260339,women:api:15341,Amy Stevens,ambiguous,,
api_tennis,one_mapped,,2026-06-10,men,itf,hard,"M25 Wichita, KS","M25 Wichita, KS - 1/16-finals",api_tennis:12135022,12135022,men:api:67327,Cooper Woestendick,auto_mapped,men:sackmann:212857,men:api:103671,H. Nelson,unmapped,,
api_tennis,one_mapped,,2026-06-10,women,itf,hard,"W35 Decatur, IL","W35 Decatur, IL - 1/16-finals",api_tennis:12135100,12135100,women:api:50654,Dasha Plekhanova,auto_mapped,women:sackmann:223203,women:api:6514,A. Walker,unmapped,,
api_tennis,one_mapped,,2026-06-10,men,itf,hard,M15 Maanshan 5,M15 Maanshan 5 - 1/16-finals,api_tennis:12135148,12135148,men:api:578,Evan Zhu,auto_mapped,men:sackmann:200632,men:api:56741,Xiaoyin Yang,ambiguous,,
api_tennis,one_mapped,,2026-06-10,men,itf,hard,M15 Maanshan 5,M15 Maanshan 5 - 1/16-finals,api_tennis:12135153,12135153,men:api:53004,Chan-Yeong Oh,auto_mapped,men:sackmann:126953,men:api:5720,X. Zhou,ambiguous,,
api_tennis,one_mapped,,2026-06-10,men,itf,hard,M15 Maanshan 5,M15 Maanshan 5 - 1/16-finals,api_tennis:12135156,12135156,men:api:7912,Moerani Bouzige,auto_mapped,men:sackmann:207728,men:api:103704,Y. C. Yang,unmapped,,
api_tennis,one_mapped,,2026-06-10,women,itf,hard,W100 Wuning (China),W100 Wuning - 1/16-finals,api_tennis:12135172,12135172,women:api:13538,Aunchisa Chanta,auto_mapped,women:sackmann:220598,women:api:54661,Shiyu Ye,ambiguous,,
api_tennis,one_mapped,,2026-06-10,women,itf,hard,W15 Tokyo,W15 Tokyo - 1/16-finals,api_tennis:12135176,12135176,women:api:62582,Aishi Das,auto_mapped,women:sackmann:261133,women:api:13071,Nana Kawagishi,ambiguous,,
api_tennis,one_mapped,,2026-06-10,women,itf,clay,W15 Madrid 2,W15 Madrid 2 - 1/16-finals,api_tennis:12135212,12135212,women:api:58496,Ruth Roura Llaverias,auto_mapped,women:sackmann:260763,women:api:71935,Alice Ferlito Faticanti,unmapped,,
api_tennis,one_mapped,,2026-06-10,men,itf,hard,M15 Monastir 22,M15 Monastir 22 - 1/16-finals,api_tennis:12135258,12135258,men:api:8655,Nazim Makhlouf,unmapped,,men:api:18730,Chirag Duhan,auto_mapped,men:sackmann:210003,
api_tennis,one_mapped,,2026-06-10,men,itf,clay,M15 Kursumlijska Banja 4,M15 Kursumlijska Banja 4 - 1/16-finals,api_tennis:12135282,12135282,men:api:37896,Branko Djuric,auto_mapped,men:sackmann:210025,men:api:74446,Dmytro Shirokyi,unmapped,,
api_tennis,one_mapped,,2026-06-10,men,itf,clay,M15 Kursumlijska Banja 4,M15 Kursumlijska Banja 4 - 1/16-finals,api_tennis:12135289,12135289,men:api:14638,Nikita Mashtakov,unmapped,,men:api:102878,S. Chestovaliev,auto_mapped,men:sackmann:214588,
api_tennis,one_mapped,,2026-06-10,men,itf,clay,M15 Kursumlijska Banja 4,M15 Kursumlijska Banja 4 - 1/16-finals,api_tennis:12135292,12135292,men:api:25726,Niccolo Baroni,auto_mapped,men:sackmann:210526,men:api:103731,D. Yigin,unmapped,,
api_tennis,one_mapped,,2026-06-10,men,itf,clay,M15 Nyiregyhaza,M15 Nyiregyhaza - 1/16-finals,api_tennis:12135301,12135301,men:api:103737,A. Tiutchenko,unmapped,,men:api:6317,Alexander Wagner,auto_mapped,men:sackmann:213138,
api_tennis,one_mapped,,2026-06-10,men,itf,clay,M15 Nyiregyhaza,M15 Nyiregyhaza - 1/16-finals,api_tennis:12135303,12135303,men:api:62392,Luka Talan Lopatic,auto_mapped,men:sackmann:212589,men:api:95473,K. T. Rosenkranz,unmapped,,
api_tennis,one_mapped,,2026-06-10,men,itf,hard,M15 Kayseri 4,M15 Kayseri 4 - 1/16-finals,api_tennis:12135329,12135329,men:api:9694,Yurii Dzhavakian,auto_mapped,men:sackmann:122113,men:api:76298,Bogdan Seleznev,unmapped,,
api_tennis,one_mapped,,2026-06-10,men,itf,hard,M15 Kayseri 4,M15 Kayseri 4 - 1/16-finals,api_tennis:12135332,12135332,men:api:40631,H. C. Gokpinar,auto_mapped,men:sackmann:212061,men:api:83881,Tugra Duran Cemil,unmapped,,
api_tennis,one_mapped,,2026-06-10,men,itf,hard,M15 Kayseri 4,M15 Kayseri 4 - 1/16-finals,api_tennis:12135335,12135335,men:api:93298,F. J. Rivadeneira Gallegos,unmapped,,men:api:8449,Charles Chen,auto_mapped,men:sackmann:212465,
api_tennis,one_mapped,,2026-06-10,women,itf,hard,W15 Kayseri 4,W15 Kayseri 4 - 1/16-finals,api_tennis:12135342,12135342,women:api:49392,Ustiniya Lekomtseva,auto_mapped,women:sackmann:261098,women:api:103747,H. Shabanpour,unmapped,,
api_tennis,one_mapped,,2026-06-10,women,itf,hard,W15 Kayseri 4,W15 Kayseri 4 - 1/16-finals,api_tennis:12135343,12135343,women:api:102356,S. Aksu,auto_mapped,women:sackmann:220798,women:api:38983,A. Melnikova,unmapped,,
api_tennis,one_mapped,,2026-06-10,women,itf,hard,W15 Kayseri 4,W15 Kayseri 4 - 1/16-finals,api_tennis:12135347,12135347,women:api:13030,A. N. Isaacs,auto_mapped,women:sackmann:259593,women:api:103748,V. Granichka,unmapped,,
api_tennis,one_mapped,,2026-06-10,women,itf,clay,W35 Cuiaba,W35 Cuiaba - 1/16-finals,api_tennis:12135350,12135350,women:api:78136,Marjorie Souza,auto_mapped,women:sackmann:260455,women:api:24284,Rosa Dourado Zimermman Jennifer,unmapped,,
api_tennis,one_mapped,,2026-06-10,women,itf,clay,W15 Merzig,W15 Merzig - 1/16-finals,api_tennis:12135395,12135395,women:api:80301,Tamila Gadamauri,auto_mapped,women:sackmann:260446,women:api:103751,J. A. Abendroth,unmapped,,
api_tennis,one_mapped,,2026-06-10,women,itf,hard,W15 Monastir 17,W15 Monastir 17 - 1/16-finals,api_tennis:12135401,12135401,women:api:101395,I. De micco padula,auto_mapped,women:sackmann:267565,women:api:57751,A. Roots,ambiguous,,
api_tennis,one_mapped,,2026-06-10,men,itf,clay,M25 Kiseljak,M25 Kiseljak - 1/16-finals,api_tennis:12135459,12135459,men:api:9640,Andrej Nedic,auto_mapped,men:sackmann:210119,men:api:103753,L. Klaus,unmapped,,
api_tennis,one_mapped,,2026-06-10,men,itf,hard,M25 Martos,M25 Martos - 1/16-finals,api_tennis:12135466,12135466,men:api:1328,John Echeverria,auto_mapped,men:sackmann:208126,men:api:103754,P. Hermoso,unmapped,,
api_tennis,one_mapped,,2026-06-10,men,itf,hard,M25 Martos,M25 Martos - 1/16-finals,api_tennis:12135467,12135467,men:api:80300,Enrique Carrascosa Diaz,auto_mapped,men:sackmann:213766,men:api:17461,R. I. Orgiles G.,unmapped,,
api_tennis,one_mapped,,2026-06-10,women,itf,clay,W35 San Gregorio 3 (Italy),W35 San Gregorio 3 - 1/16-finals,api_tennis:12135492,12135492,women:api:38782,Lucciana Perez Alarcon,auto_mapped,women:sackmann:252495,women:api:81646,K. N. Kucikova,ambiguous,,
api_tennis,none_mapped,,2026-06-10,men,itf,clay,M15 Brasilia,M15 Brasilia - 1/16-finals,api_tennis:12135501,12135501,men:api:63483,Enzo Kohlmann,unmapped,,men:api:91821,V. Cunha,unmapped,,
api_tennis,one_mapped,,2026-06-10,men,itf,clay,M15 Brasilia,M15 Brasilia - 1/16-finals,api_tennis:12135502,12135502,men:api:5181,Gonzalo Villanueva,auto_mapped,men:sackmann:106380,men:api:103757,A. G. Torres,unmapped,,
api_tennis,one_mapped,,2026-06-10,men,itf,clay,M15 Brasilia,M15 Brasilia - 1/16-finals,api_tennis:12135505,12135505,men:api:37939,Rafael Tosetto,auto_mapped,men:sackmann:208006,men:api:103758,L. G. Felisberto,unmapped,,
api_tennis,one_mapped,,2026-06-10,men,challenger,clay,San Miguel de Tucuman,San Miguel de Tucuman - 1/16-finals,api_tennis:12135520,12135520,men:api:9221,Alexander Rodriguez Johan,unmapped,,men:api:10017,Manuel La Serna Juan,auto_mapped,men:sackmann:210412,
api_tennis,one_mapped,,2026-06-10,men,challenger,clay,San Miguel de Tucuman,San Miguel de Tucuman - 1/16-finals,api_tennis:12135521,12135521,men:api:2188,Arklon Huertas Del Pino Cordova,unmapped,,men:api:66326,Maximo Zeitune,auto_mapped,men:sackmann:212784,
api_tennis,one_mapped,,2026-06-10,women,itf,hard,"W15 Los Angeles, CA","W15 Los Angeles, CA - 1/16-finals",api_tennis:12135540,12135540,women:api:10895,Lily Taylor,auto_mapped,women:sackmann:259576,women:api:7926,Yuyun Chen,ambiguous,,
api_tennis,one_mapped,,2026-06-10,women,itf,hard,"W15 Los Angeles, CA","W15 Los Angeles, CA - 1/16-finals",api_tennis:12135550,12135550,women:api:52269,Kaitlyn Carnicella,auto_mapped,women:sackmann:264014,women:api:103769,N. Kha,unmapped,,
api_tennis,none_mapped,,2026-06-10,women,itf,hard,"W35 Decatur, IL","W35 Decatur, IL - 1/16-finals",api_tennis:12135556,12135556,women:api:67444,Sophie Llewellyn,ambiguous,,women:api:103774,S. Holod,unmapped,,
api_tennis,one_mapped,,2026-06-10,men,itf,hard,"M25 Wichita, KS","M25 Wichita, KS - 1/16-finals",api_tennis:12135572,12135572,men:api:73248,William Manning,auto_mapped,men:sackmann:213152,men:api:662,Bruno Kuzuhara,ambiguous,,
api_tennis,one_mapped,,2026-06-10,men,itf,clay,M25 Kiseljak,M25 Kiseljak - 1/16-finals,api_tennis:12135581,12135581,men:api:89615,M. Knezevic,auto_mapped,men:sackmann:214137,men:api:103608,Y. Baluska,unmapped,,
api_tennis,one_mapped,,2026-06-11,women,itf,clay,W75 Ceska Lipa,W75 Ceska Lipa - 1/16-finals,api_tennis:12134709,12134709,women:api:13987,Anastasiia Sobolieva,unmapped,,women:api:30860,Julie Pastikova,auto_mapped,women:sackmann:264967,
api_tennis,none_mapped,,2026-06-11,men,itf,clay,M25 Ceska Lipa,M25 Ceska Lipa - 1/16-finals,api_tennis:12134751,12134751,men:api:83545,Jakub Vrba,ambiguous,,men:api:30842,A. Duda,unmapped,,
api_tennis,one_mapped,,2026-06-11,women,itf,clay,W75 Ceska Lipa,W75 Ceska Lipa - 1/8-finals,api_tennis:12135641,12135641,women:api:85968,Denisa Zoldakova,auto_mapped,women:sackmann:267616,women:api:1807,Georgiana Serban Raluca,unmapped,,
api_tennis,one_mapped,,2026-06-11,men,challenger,clay,San Miguel de Tucuman,San Miguel de Tucuman - 1/8-finals,api_tennis:12135706,12135706,men:api:9221,Alexander Rodriguez Johan,unmapped,,men:api:6712,Eduardo Ribeiro,auto_mapped,men:sackmann:200495,
api_tennis,one_mapped,,2026-06-11,women,itf,hard,"W35 Decatur, IL","W35 Decatur, IL - 1/8-finals",api_tennis:12135782,12135782,women:api:53951,Lea Ma,auto_mapped,women:sackmann:221220,women:api:67444,Sophie Llewellyn,ambiguous,,
api_tennis,one_mapped,,2026-06-11,men,challenger,clay,San Miguel de Tucuman,San Miguel de Tucuman - 1/8-finals,api_tennis:12135784,12135784,men:api:65990,Maria Zarate Carlos,auto_mapped,men:sackmann:212785,men:api:2188,Arklon Huertas Del Pino Cordova,unmapped,,
api_tennis,one_mapped,,2026-06-11,men,itf,clay,M25 Ceska Lipa,M25 Ceska Lipa - 1/8-finals,api_tennis:12135813,12135813,men:api:558,Daniel Dutra Da Silva,auto_mapped,men:sackmann:105180,men:api:83545,Jakub Vrba,ambiguous,,
api_tennis,one_mapped,,2026-06-11,women,itf,clay,W75 Ceska Lipa,W75 Ceska Lipa - 1/8-finals,api_tennis:12135819,12135819,women:api:14150,Julia Avdeeva,auto_mapped,women:sackmann:222919,women:api:13987,Anastasiia Sobolieva,unmapped,,
api_tennis,one_mapped,,2026-06-11,men,itf,clay,M15 Nyiregyhaza,M15 Nyiregyhaza - 1/8-finals,api_tennis:12135859,12135859,men:api:13694,John Sperle,auto_mapped,men:sackmann:210145,men:api:103737,A. Tiutchenko,unmapped,,
api_tennis,one_mapped,,2026-06-11,men,itf,clay,M15 Kursumlijska Banja 4,M15 Kursumlijska Banja 4 - 1/8-finals,api_tennis:12135888,12135888,men:api:14638,Nikita Mashtakov,unmapped,,men:api:55114,Vardan Manukyan,auto_mapped,men:sackmann:212499,
api_tennis,one_mapped,,2026-06-11,men,itf,clay,M15 Brasilia,M15 Brasilia - 1/8-finals,api_tennis:12135920,12135920,men:api:15381,P. Rodrigues,auto_mapped,men:sackmann:109946,men:api:63483,Enzo Kohlmann,unmapped,,
api_tennis,one_mapped,,2026-06-11,men,itf,hard,M15 Monastir 22,M15 Monastir 22 - 1/8-finals,api_tennis:12135937,12135937,men:api:73861,Dominick Mosejczuk,auto_mapped,men:sackmann:213771,men:api:8655,Nazim Makhlouf,unmapped,,
api_tennis,one_mapped,,2026-06-11,men,itf,hard,M15 Kayseri 4,M15 Kayseri 4 - 1/8-finals,api_tennis:12136024,12136024,men:api:10850,Dinko Dinev,auto_mapped,men:sackmann:210099,men:api:93298,F. J. Rivadeneira Gallegos,unmapped,,
api_tennis,one_mapped,,2026-06-12,men,qualifying,clay,M15 Kursumlijska Banja 4,M15 Kursumlijska Banja 4 - Quarter-finals,api_tennis:12136082,12136082,men:api:382,Sean Cuenin,auto_mapped,men:sackmann:209952,men:api:14638,Nikita Mashtakov,unmapped,,
api_tennis,one_mapped,,2026-06-12,men,qualifying,clay,San Miguel de Tucuman,San Miguel de Tucuman - Quarter-finals,api_tennis:12136183,12136183,men:api:9221,Alexander Rodriguez Johan,unmapped,,men:api:1743,Matheus Pucinelli de Almeida,auto_mapped,men:sackmann:207799,
api_tennis,one_mapped,,2026-06-13,men,challenger,clay,San Miguel de Tucuman,San Miguel de Tucuman - Semi-finals,api_tennis:12136340,12136340,men:api:9221,Alexander Rodriguez Johan,unmapped,,men:api:1756,Nicolas Kicker,auto_mapped,men:sackmann:106044,
api_tennis,one_mapped,,2026-06-13,men,atp_wta,grass,Halle,ATP Halle - Semi-finals,api_tennis:12136373,12136373,men:api:424,Nikoloz Basilashvili,auto_mapped,men:sackmann:105932,men:api:55858,Diego Dedura,unmapped,,
api_tennis,one_mapped,,2026-06-13,women,atp_wta,clay,Berlin,WTA Berlin - Semi-finals,api_tennis:12136391,12136391,women:api:1825,Shuai Zhang,auto_mapped,women:sackmann:201533,women:api:103787,M. Steinkamp,unmapped,,
api_tennis,one_mapped,,2026-06-14,men,challenger,clay,Poznan,Poznan - Semi-finals,api_tennis:12136585,12136585,men:api:2220,Luca Castelnuovo,auto_mapped,men:sackmann:132573,men:api:79642,Fares Zakaria,unmapped,,
api_tennis,none_mapped,,2026-06-14,men,challenger,clay,Royan,Royan - Semi-finals,api_tennis:12136597,12136597,men:api:1857,John Fancutt Thomas,unmapped,,men:api:704,Volodymyr Uzhylovskyi,unmapped,,
api_tennis,one_mapped,,2026-06-14,men,challenger,clay,Royan,Royan - Semi-finals,api_tennis:12136600,12136600,men:api:38022,Adan Freire Da Silva,auto_mapped,men:sackmann:207676,men:api:103862,J. Coudret,unmapped,,
api_tennis,one_mapped,,2026-06-14,men,challenger,clay,San Miguel de Tucuman,San Miguel de Tucuman - Final,api_tennis:12136606,12136606,men:api:14270,Emanuel Ambrogi Luciano,auto_mapped,men:sackmann:210377,men:api:9221,Alexander Rodriguez Johan,unmapped,,
api_tennis,one_mapped,,2026-06-14,men,challenger,clay,Parma,Parma - Semi-finals,api_tennis:12136704,12136704,men:api:1185,Matteo Martineau,auto_mapped,men:sackmann:200188,men:api:40212,Daniel Salazar,unmapped,,
api_tennis,one_mapped,,2026-06-14,men,challenger,clay,Parma,Parma - Semi-finals,api_tennis:12136705,12136705,men:api:38169,Luca Wiedenmann,auto_mapped,men:sackmann:211594,men:api:103861,L. Tombolini,unmapped,,
api_tennis,one_mapped,,2026-06-14,men,qualifying,grass,Dublin (Ireland) - Qualification,Dublin - Semi-finals,api_tennis:12136736,12136736,men:api:39862,Yi Zhou,auto_mapped,men:sackmann:212044,men:api:103860,J. McGloughlin,unmapped,,
api_tennis,one_mapped,,2026-06-14,men,qualifying,clay,Asuncion 2 (Paraguay) - Qualification,Asuncion 2 - Semi-finals,api_tennis:12136753,12136753,men:api:63483,Enzo Kohlmann,unmapped,,men:api:15771,Natan Rodrigues,auto_mapped,men:sackmann:208372,
api_tennis,one_mapped,,2026-06-14,men,qualifying,clay,Asuncion 2 (Paraguay) - Qualification,Asuncion 2 - Semi-finals,api_tennis:12136755,12136755,men:api:2188,Arklon Huertas Del Pino Cordova,unmapped,,men:api:65126,Bautista De La Pena,auto_mapped,men:sackmann:214016,
api_tennis,one_mapped,,2026-06-14,men,qualifying,clay,Asuncion 2 (Paraguay) - Qualification,Asuncion 2 - Semi-finals,api_tennis:12136759,12136759,men:api:66890,Samuel Heredia,auto_mapped,men:sackmann:212831,men:api:24403,Juan Borba,unmapped,,
api_tennis,one_mapped,,2026-06-15,men,challenger,clay,Poznan,Poznan - Semi-finals,api_tennis:12136590,12136590,men:api:397,Norbert Gombos,auto_mapped,men:sackmann:105613,men:api:53732,A. Blus,unmapped,,
api_tennis,one_mapped,,2026-06-15,men,challenger,clay,Royan,Royan - Final,api_tennis:12136785,12136785,men:api:62513,Emilien Demanet,auto_mapped,men:sackmann:212598,men:api:1857,John Fancutt Thomas,unmapped,,
api_tennis,one_mapped,,2026-06-15,women,qualifying,clay,Brescia (Italy) - Qualification,Brescia - 1/16-finals,api_tennis:12136851,12136851,women:api:510,Mayar Sherif,auto_mapped,women:sackmann:210886,women:api:1807,Georgiana Serban Raluca,unmapped,,
api_tennis,one_mapped,,2026-06-15,women,qualifying,clay,Brescia (Italy) - Qualification,Brescia - 1/16-finals,api_tennis:12136854,12136854,women:api:13987,Anastasiia Sobolieva,unmapped,,women:api:459,Kathinka von Deichmann,auto_mapped,women:sackmann:210303,
api_tennis,one_mapped,,2026-06-15,men,qualifying,clay,Asuncion 2 (Paraguay) - Qualification,Asuncion 2 - Final,api_tennis:12136879,12136879,men:api:2411,Conner Huertas Del Pino,auto_mapped,men:sackmann:138485,men:api:63483,Enzo Kohlmann,unmapped,,
api_tennis,one_mapped,,2026-06-15,men,qualifying,clay,Asuncion 2 (Paraguay) - Qualification,Asuncion 2 - Final,api_tennis:12136893,12136893,men:api:40143,Gustavo Ribeiro de Almeida,auto_mapped,men:sackmann:211479,men:api:2188,Arklon Huertas Del Pino Cordova,unmapped,,
api_tennis,one_mapped,,2026-06-15,men,itf,clay,M25 Milano (Italy),M25 Milano - 1/16-finals,api_tennis:12136931,12136931,men:api:8323,Giuseppe La Vela,auto_mapped,men:sackmann:208153,men:api:103853,F. Busciola,unmapped,,
api_tennis,one_mapped,,2026-06-15,women,itf,hard,W35+H Tauste,W35+H Tauste - 1/16-finals,api_tennis:12136941,12136941,women:api:40904,T. Lemaitre,unmapped,,women:api:11480,Zoziya Kardava,manual_mapped,women:sackmann:216180,
api_tennis,one_mapped,,2026-06-16,men,itf,hard,M15 Tokyo 2,M15 Tokyo 2 - 1/16-finals,api_tennis:12137005,12137005,men:api:13697,Hikaru Shiraishi,auto_mapped,men:sackmann:202113,men:api:103877,S. Okabe,unmapped,,
api_tennis,one_mapped,,2026-06-16,women,itf,unknown,W50 Haskovo (Bulgaria),W50 Haskovo - 1/16-finals,api_tennis:12137168,12137168,women:api:34,Martha Matoula,auto_mapped,women:sackmann:213657,women:api:103897,M. Gospodinova,unmapped,,
