risk_level,gender,name_norm,display_name,player_key,match_count,country,birth_year,hand,height,recommended_canonical_key,all_player_keys,all_match_counts,all_countries,all_birth_years
MEDIUM,men,aj catanzariti,Aj Catanzariti,men:sackmann:126272,0,USA,1995,U,,men:sackmann:200224,men:sackmann:126272 | men:sackmann:200224,men:sackmann:126272=0 | men:sackmann:200224=0,USA,1995
MEDIUM,men,aj catanzariti,Aj Catanzariti,men:sackmann:200224,0,USA,1995,R,183,men:sackmann:200224,men:sackmann:126272 | men:sackmann:200224,men:sackmann:126272=0 | men:sackmann:200224=0,USA,1995
CHECK,men,alex santino nunez vera,Alex Santino Nunez Vera,men:sackmann:213547,0,PRY,,U,,men:sackmann:213810,men:sackmann:213547 | men:sackmann:213810,men:sackmann:213547=0 | men:sackmann:213810=0,PAR | PRY,2007
CHECK,men,alex santino nunez vera,Alex Santino Nunez Vera,men:sackmann:213810,0,PAR,2007,U,,men:sackmann:213810,men:sackmann:213547 | men:sackmann:213810,men:sackmann:213547=0 | men:sackmann:213810=0,PAR | PRY,2007
MEDIUM,men,amirali ghavam,Amirali Ghavam,men:sackmann:212073,0,IRI,,U,,men:sackmann:212699,men:sackmann:212073 | men:sackmann:212699,men:sackmann:212073=0 | men:sackmann:212699=0,IRI,2006
MEDIUM,men,amirali ghavam,Amirali Ghavam,men:sackmann:212699,0,IRI,2006,U,,men:sackmann:212699,men:sackmann:212073 | men:sackmann:212699,men:sackmann:212073=0 | men:sackmann:212699=0,IRI,2006
MEDIUM,men,angel veliz,Angel Veliz,men:sackmann:213626,0,ECU,2008,U,,men:sackmann:214523,men:sackmann:213626 | men:sackmann:214523,men:sackmann:213626=0 | men:sackmann:214523=0,ECU,2008
MEDIUM,men,angel veliz,Angel Veliz,men:sackmann:214523,0,ECU,2008,U,,men:sackmann:214523,men:sackmann:213626 | men:sackmann:214523,men:sackmann:213626=0 | men:sackmann:214523=0,ECU,2008
MEDIUM,men,benjamin o connell,Benjamin O'Connell,men:sackmann:206736,0,AUS,1999,U,,men:sackmann:213206,men:sackmann:206736 | men:sackmann:213206,men:sackmann:206736=0 | men:sackmann:213206=0,AUS,1999
MEDIUM,men,benjamin o connell,Benjamin O'Connell,men:sackmann:213206,0,AUS,,U,,men:sackmann:213206,men:sackmann:206736 | men:sackmann:213206,men:sackmann:206736=0 | men:sackmann:213206=0,AUS,1999
MEDIUM,men,bruno kuzuhara,Bruno Kuzuhara,men:sackmann:210029,0,USA,2004,R,,men:sackmann:210044,men:sackmann:210029 | men:sackmann:210044,men:sackmann:210029=0 | men:sackmann:210044=0,USA,2004
MEDIUM,men,bruno kuzuhara,Bruno Kuzuhara,men:sackmann:210044,0,USA,2004,R,175,men:sackmann:210044,men:sackmann:210029 | men:sackmann:210044,men:sackmann:210029=0 | men:sackmann:210044=0,USA,2004
MEDIUM,men,carles cordoba,Carles Cordoba,men:sackmann:211719,0,ESP,,U,,men:sackmann:213059,men:sackmann:211719 | men:sackmann:213059,men:sackmann:211719=0 | men:sackmann:213059=0,ESP,
MEDIUM,men,carles cordoba,Carles Cordoba,men:sackmann:213059,0,ESP,,U,,men:sackmann:213059,men:sackmann:211719 | men:sackmann:213059,men:sackmann:211719=0 | men:sackmann:213059=0,ESP,
CHECK,men,chien hsun lo,Chien Hsun Lo,men:sackmann:127187,0,TPE,1999,U,,men:sackmann:213466,men:sackmann:127187 | men:sackmann:213466,men:sackmann:127187=0 | men:sackmann:213466=0,TPE,1998 | 1999
CHECK,men,chien hsun lo,Chien hsun Lo,men:sackmann:213466,0,TPE,1998,R,168,men:sackmann:213466,men:sackmann:127187 | men:sackmann:213466,men:sackmann:127187=0 | men:sackmann:213466=0,TPE,1998 | 1999
MEDIUM,men,christian teszari,Christian Teszari,men:sackmann:211470,0,ROU,,U,,men:sackmann:212615,men:sackmann:211470 | men:sackmann:212615,men:sackmann:211470=0 | men:sackmann:212615=0,ROU,2004
MEDIUM,men,christian teszari,Christian Teszari,men:sackmann:212615,0,ROU,2004,U,,men:sackmann:212615,men:sackmann:211470 | men:sackmann:212615,men:sackmann:211470=0 | men:sackmann:212615=0,ROU,2004
MEDIUM,men,claude ishimwe,Claude Ishimwe,men:sackmann:149276,0,RWA,,U,,men:sackmann:213560,men:sackmann:149276 | men:sackmann:213560,men:sackmann:149276=0 | men:sackmann:213560=0,RWA,
MEDIUM,men,claude ishimwe,Claude Ishimwe,men:sackmann:213560,0,RWA,,U,,men:sackmann:213560,men:sackmann:149276 | men:sackmann:213560,men:sackmann:149276=0 | men:sackmann:213560=0,RWA,
MEDIUM,men,clement kubiak,Clement Kubiak,men:sackmann:212535,0,FRA,,U,,men:sackmann:213101,men:sackmann:212535 | men:sackmann:213101,men:sackmann:212535=0 | men:sackmann:213101=0,FRA,
MEDIUM,men,clement kubiak,Clement Kubiak,men:sackmann:213101,0,FRA,,U,,men:sackmann:213101,men:sackmann:212535 | men:sackmann:213101,men:sackmann:212535=0 | men:sackmann:213101=0,FRA,
MEDIUM,men,connor thomson,Connor Thomson,men:sackmann:207172,0,GBR,2000,R,185,men:sackmann:212287,men:sackmann:207172 | men:sackmann:212287,men:sackmann:207172=0 | men:sackmann:212287=0,GBR,2000
MEDIUM,men,connor thomson,Connor  Thomson,men:sackmann:212287,0,GBR,,U,,men:sackmann:212287,men:sackmann:207172 | men:sackmann:212287,men:sackmann:207172=0 | men:sackmann:212287=0,GBR,2000
MEDIUM,men,daniel leong prickett,Daniel Leong Prickett,men:sackmann:212579,0,MAS,,U,,men:sackmann:212599,men:sackmann:212579 | men:sackmann:212599,men:sackmann:212579=0 | men:sackmann:212599=0,MAS,
MEDIUM,men,daniel leong prickett,Daniel Leong Prickett,men:sackmann:212599,0,MAS,,U,,men:sackmann:212599,men:sackmann:212579 | men:sackmann:212599,men:sackmann:212579=0 | men:sackmann:212599=0,MAS,
MEDIUM,men,denis constantin spiridon,Denis Constantin Spiridon,men:sackmann:211505,0,ITA,2002,U,,men:sackmann:212591,men:sackmann:211505 | men:sackmann:212591,men:sackmann:211505=0 | men:sackmann:212591=0,ITA,2002
MEDIUM,men,denis constantin spiridon,Denis Constantin Spiridon,men:sackmann:212591,0,ITA,,U,,men:sackmann:212591,men:sackmann:211505 | men:sackmann:212591,men:sackmann:211505=0 | men:sackmann:212591=0,ITA,2002
MEDIUM,men,enrico giacomini,Enrico  Giacomini,men:sackmann:211788,0,ITA,,U,,men:sackmann:212296,men:sackmann:211788 | men:sackmann:212296,men:sackmann:211788=0 | men:sackmann:212296=0,ITA,1998
MEDIUM,men,enrico giacomini,Enrico Giacomini,men:sackmann:212296,0,ITA,1998,U,,men:sackmann:212296,men:sackmann:211788 | men:sackmann:212296,men:sackmann:211788=0 | men:sackmann:212296=0,ITA,1998
MEDIUM,men,ethan schiffman,Ethan Schiffman,men:sackmann:212213,0,USA,,U,,men:sackmann:213019,men:sackmann:212213 | men:sackmann:213019,men:sackmann:212213=0 | men:sackmann:213019=0,USA,
MEDIUM,men,ethan schiffman,Ethan Schiffman,men:sackmann:213019,0,USA,,U,,men:sackmann:213019,men:sackmann:212213 | men:sackmann:213019,men:sackmann:212213=0 | men:sackmann:213019=0,USA,
MEDIUM,men,frazier rengifo,Frazier Rengifo,men:sackmann:200105,0,COL,1998,R,183,men:sackmann:212563,men:sackmann:200105 | men:sackmann:210359 | men:sackmann:212563,men:sackmann:200105=0 | men:sackmann:210359=0 | men:sackmann:212563=0,COL,1998
MEDIUM,men,frazier rengifo,Frazier  Rengifo,men:sackmann:210359,0,COL,1998,U,,men:sackmann:212563,men:sackmann:200105 | men:sackmann:210359 | men:sackmann:212563,men:sackmann:200105=0 | men:sackmann:210359=0 | men:sackmann:212563=0,COL,1998
MEDIUM,men,frazier rengifo,Frazier Rengifo,men:sackmann:212563,0,COL,,U,,men:sackmann:212563,men:sackmann:200105 | men:sackmann:210359 | men:sackmann:212563,men:sackmann:200105=0 | men:sackmann:210359=0 | men:sackmann:212563=0,COL,1998
MEDIUM,men,hugo cardinaud,Hugo Cardinaud,men:sackmann:212172,0,FRA,,U,,men:sackmann:213220,men:sackmann:212172 | men:sackmann:213220,men:sackmann:212172=0 | men:sackmann:213220=0,FRA,
MEDIUM,men,hugo cardinaud,Hugo Cardinaud,men:sackmann:213220,0,FRA,,U,,men:sackmann:213220,men:sackmann:212172 | men:sackmann:213220,men:sackmann:212172=0 | men:sackmann:213220=0,FRA,
MEDIUM,men,ivan kremenchutskyi,Ivan Kremenchutskyi,men:sackmann:210594,0,UKR,2004,U,,men:sackmann:212610,men:sackmann:210594 | men:sackmann:212610,men:sackmann:210594=0 | men:sackmann:212610=0,UKR,2004
MEDIUM,men,ivan kremenchutskyi,Ivan Kremenchutskyi,men:sackmann:212610,0,UKR,2004,U,,men:sackmann:212610,men:sackmann:210594 | men:sackmann:212610,men:sackmann:210594=0 | men:sackmann:212610=0,UKR,2004
MEDIUM,men,jack kennedy,Jack Kennedy,men:sackmann:213194,0,USA,,U,,men:sackmann:213605,men:sackmann:213194 | men:sackmann:213605,men:sackmann:213194=0 | men:sackmann:213605=0,USA,
MEDIUM,men,jack kennedy,Jack Kennedy,men:sackmann:213605,0,USA,,U,,men:sackmann:213605,men:sackmann:213194 | men:sackmann:213605,men:sackmann:213194=0 | men:sackmann:213605=0,USA,
CHECK,men,jakub mensik,Jakub Mensik,men:sackmann:210084,0,CZE,2006,U,,men:sackmann:210150,men:sackmann:210084 | men:sackmann:210150,men:sackmann:210084=0 | men:sackmann:210150=0,CZE,2005 | 2006
CHECK,men,jakub mensik,Jakub Mensik,men:sackmann:210150,0,CZE,2005,R,193,men:sackmann:210150,men:sackmann:210084 | men:sackmann:210150,men:sackmann:210084=0 | men:sackmann:210150=0,CZE,2005 | 2006
MEDIUM,men,jakub nicod,Jakub Nicod,men:sackmann:210083,0,CZE,2004,U,,men:sackmann:210556,men:sackmann:210083 | men:sackmann:210556,men:sackmann:210083=0 | men:sackmann:210556=0,CZE,2004
MEDIUM,men,jakub nicod,Jakub Nicod,men:sackmann:210556,0,CZE,2004,R,183,men:sackmann:210556,men:sackmann:210083 | men:sackmann:210556,men:sackmann:210083=0 | men:sackmann:210556=0,CZE,2004
MEDIUM,men,jakub vrba,Jakub Vrba,men:sackmann:149107,0,CZE,,U,,men:sackmann:213551,men:sackmann:149107 | men:sackmann:213551,men:sackmann:149107=0 | men:sackmann:213551=0,CZE,
MEDIUM,men,jakub vrba,Jakub Vrba,men:sackmann:213551,0,CZE,,U,,men:sackmann:213551,men:sackmann:149107 | men:sackmann:213551,men:sackmann:149107=0 | men:sackmann:213551=0,CZE,
MEDIUM,men,jeiden saidizand,Jeiden Saidizand,men:sackmann:210574,0,SWE,2004,U,,men:sackmann:212895,men:sackmann:210574 | men:sackmann:212895,men:sackmann:210574=0 | men:sackmann:212895=0,SWE,2004
MEDIUM,men,jeiden saidizand,Jeiden Saidizand,men:sackmann:212895,0,SWE,,U,,men:sackmann:212895,men:sackmann:210574 | men:sackmann:212895,men:sackmann:210574=0 | men:sackmann:212895=0,SWE,2004
MEDIUM,men,joaquin aguilar cardozo,Joaquin Aguilar Cardozo,men:sackmann:149099,0,URU,,U,,men:sackmann:212051,men:sackmann:149099 | men:sackmann:212051,men:sackmann:149099=0 | men:sackmann:212051=0,URU,2005
MEDIUM,men,joaquin aguilar cardozo,Joaquin  Aguilar Cardozo,men:sackmann:212051,0,URU,2005,U,,men:sackmann:212051,men:sackmann:149099 | men:sackmann:212051,men:sackmann:149099=0 | men:sackmann:212051=0,URU,2005
CHECK,men,jose garcia,Jose Garcia,men:sackmann:121241,0,VEN,1988,U,,men:sackmann:212176,men:sackmann:121241 | men:sackmann:212176,men:sackmann:121241=0 | men:sackmann:212176=0,USA | VEN,1988
CHECK,men,jose garcia,Jose Garcia,men:sackmann:212176,0,USA,,U,,men:sackmann:212176,men:sackmann:121241 | men:sackmann:212176,men:sackmann:121241=0 | men:sackmann:212176=0,USA | VEN,1988
CHECK,men,julian alonso,Julian Alonso,men:sackmann:103031,0,ESP,1977,R,185,men:sackmann:211655,men:sackmann:103031 | men:sackmann:211655,men:sackmann:103031=0 | men:sackmann:211655=0,ESP,1977 | 2005
CHECK,men,julian alonso,Julian  Alonso,men:sackmann:211655,0,ESP,2005,R,,men:sackmann:211655,men:sackmann:103031 | men:sackmann:211655,men:sackmann:103031=0 | men:sackmann:211655=0,ESP,1977 | 2005
MEDIUM,men,junior tavarez,Junior  Tavarez,men:sackmann:212050,0,DOM,,U,,men:sackmann:212734,men:sackmann:212050 | men:sackmann:212734,men:sackmann:212050=0 | men:sackmann:212734=0,DOM,
MEDIUM,men,junior tavarez,Junior Tavarez,men:sackmann:212734,0,DOM,,U,,men:sackmann:212734,men:sackmann:212050 | men:sackmann:212734,men:sackmann:212050=0 | men:sackmann:212734=0,DOM,
MEDIUM,men,mario andre galarraga,Mario Andre Galarraga,men:sackmann:214305,0,ECU,2007,L,,men:sackmann:214525,men:sackmann:214305 | men:sackmann:214525,men:sackmann:214305=0 | men:sackmann:214525=0,ECU,2007
MEDIUM,men,mario andre galarraga,Mario Andre Galarraga,men:sackmann:214525,0,ECU,2007,U,,men:sackmann:214525,men:sackmann:214305 | men:sackmann:214525,men:sackmann:214305=0 | men:sackmann:214525=0,ECU,2007
MEDIUM,men,miguel cejudo,Miguel Cejudo,men:sackmann:213076,0,ESP,2005,R,,men:sackmann:214006,men:sackmann:213076 | men:sackmann:214006,men:sackmann:213076=0 | men:sackmann:214006=0,ESP,2005
MEDIUM,men,miguel cejudo,Miguel Cejudo,men:sackmann:214006,0,ESP,2005,R,,men:sackmann:214006,men:sackmann:213076 | men:sackmann:214006,men:sackmann:213076=0 | men:sackmann:214006=0,ESP,2005
MEDIUM,men,oscar pinto sansano,Oscar Pinto Sansano,men:sackmann:212185,0,ESP,,U,,men:sackmann:214404,men:sackmann:212185 | men:sackmann:214404,men:sackmann:212185=0 | men:sackmann:214404=0,ESP,2003
MEDIUM,men,oscar pinto sansano,Oscar Pinto Sansano,men:sackmann:214404,0,ESP,2003,R,,men:sackmann:214404,men:sackmann:212185 | men:sackmann:214404,men:sackmann:212185=0 | men:sackmann:214404=0,ESP,2003
MEDIUM,men,ricardo villacorta,Ricardo Villacorta,men:sackmann:211565,0,ESP,,U,,men:sackmann:212607,men:sackmann:211565 | men:sackmann:212607,men:sackmann:211565=0 | men:sackmann:212607=0,ESP,
MEDIUM,men,ricardo villacorta,Ricardo Villacorta,men:sackmann:212607,0,ESP,,U,,men:sackmann:212607,men:sackmann:211565 | men:sackmann:212607,men:sackmann:211565=0 | men:sackmann:212607=0,ESP,
MEDIUM,men,ronan tashinga mtisi,Ronan Tashinga Mtisi,men:sackmann:213733,0,ZIM,2008,U,,men:sackmann:214568,men:sackmann:213733 | men:sackmann:214568,men:sackmann:213733=0 | men:sackmann:214568=0,ZIM,2008
MEDIUM,men,ronan tashinga mtisi,Ronan Tashinga Mtisi,men:sackmann:214568,0,ZIM,2008,U,,men:sackmann:214568,men:sackmann:213733 | men:sackmann:214568,men:sackmann:213733=0 | men:sackmann:214568=0,ZIM,2008
MEDIUM,men,rudy ceccon,Rudy Ceccon,men:sackmann:212266,0,FRA,,U,,men:sackmann:212999,men:sackmann:212266 | men:sackmann:212999,men:sackmann:212266=0 | men:sackmann:212999=0,FRA,2004
MEDIUM,men,rudy ceccon,Rudy Ceccon,men:sackmann:212999,0,FRA,2004,U,,men:sackmann:212999,men:sackmann:212266 | men:sackmann:212999,men:sackmann:212266=0 | men:sackmann:212999=0,FRA,2004
MEDIUM,men,saba george nanobashvili,Saba George  Nanobashvili,men:sackmann:212152,0,SWE,,U,,men:sackmann:212805,men:sackmann:212152 | men:sackmann:212805,men:sackmann:212152=0 | men:sackmann:212805=0,SWE,2004
MEDIUM,men,saba george nanobashvili,Saba George Nanobashvili,men:sackmann:212805,0,SWE,2004,U,,men:sackmann:212805,men:sackmann:212152 | men:sackmann:212805,men:sackmann:212152=0 | men:sackmann:212805=0,SWE,2004
MEDIUM,men,sam young mathers,Sam Young Mathers,men:sackmann:213754,0,AUS,,U,,men:sackmann:214152,men:sackmann:213754 | men:sackmann:214152,men:sackmann:213754=0 | men:sackmann:214152=0,AUS,2004
MEDIUM,men,sam young mathers,Sam Young Mathers,men:sackmann:214152,0,AUS,2004,U,,men:sackmann:214152,men:sackmann:213754 | men:sackmann:214152,men:sackmann:213754=0 | men:sackmann:214152=0,AUS,2004
MEDIUM,men,timeo trufelli,Timeo Trufelli,men:sackmann:212547,0,FRA,,U,,men:sackmann:212770,men:sackmann:212547 | men:sackmann:212770,men:sackmann:212547=0 | men:sackmann:212770=0,FRA,
MEDIUM,men,timeo trufelli,Timeo Trufelli,men:sackmann:212770,0,FRA,,U,,men:sackmann:212770,men:sackmann:212547 | men:sackmann:212770,men:sackmann:212547=0 | men:sackmann:212770=0,FRA,
MEDIUM,men,toby alex kodat,Toby Alex Kodat,men:sackmann:208931,0,USA,2003,R,178,men:sackmann:209182,men:sackmann:208931 | men:sackmann:209182,men:sackmann:208931=0 | men:sackmann:209182=0,USA,2003
MEDIUM,men,toby alex kodat,Toby Alex Kodat,men:sackmann:209182,0,USA,2003,R,178,men:sackmann:209182,men:sackmann:208931 | men:sackmann:209182,men:sackmann:208931=0 | men:sackmann:209182=0,USA,2003
CHECK,men,tommaso compagnucci,Tommaso Compagnucci,men:sackmann:206867,0,ITA,2000,R,173,men:sackmann:209864,men:sackmann:206867 | men:sackmann:209864,men:sackmann:206867=0 | men:sackmann:209864=0,ITA,1999 | 2000
CHECK,men,tommaso compagnucci,Tommaso Compagnucci,men:sackmann:209864,0,ITA,1999,U,,men:sackmann:209864,men:sackmann:206867 | men:sackmann:209864,men:sackmann:206867=0 | men:sackmann:209864=0,ITA,1999 | 2000
MEDIUM,men,tristan mccormick,Tristan Mccormick,men:sackmann:207657,0,USA,1999,R,196,men:sackmann:210126,men:sackmann:207657 | men:sackmann:210126,men:sackmann:207657=0 | men:sackmann:210126=0,USA,1999
MEDIUM,men,tristan mccormick,Tristan Mccormick,men:sackmann:210126,0,USA,1999,U,,men:sackmann:210126,men:sackmann:207657 | men:sackmann:210126,men:sackmann:207657=0 | men:sackmann:210126=0,USA,1999
MEDIUM,men,vicente freda,Vicente Freda,men:sackmann:213831,0,BRA,2007,U,,men:sackmann:214022,men:sackmann:213831 | men:sackmann:214022,men:sackmann:213831=0 | men:sackmann:214022=0,BRA,2007
MEDIUM,men,vicente freda,Vicente Freda,men:sackmann:214022,0,BRA,2007,R,,men:sackmann:214022,men:sackmann:213831 | men:sackmann:214022,men:sackmann:213831=0 | men:sackmann:214022=0,BRA,2007
MEDIUM,men,xiaoyin yang,Xiaoyin Yang,men:sackmann:149162,0,CHN,2004,U,,men:sackmann:212466,men:sackmann:149162 | men:sackmann:212466,men:sackmann:149162=0 | men:sackmann:212466=0,CHN,2004
MEDIUM,men,xiaoyin yang,Xiaoyin Yang,men:sackmann:212466,0,CHN,2004,U,,men:sackmann:212466,men:sackmann:149162 | men:sackmann:212466,men:sackmann:149162=0 | men:sackmann:212466=0,CHN,2004
MEDIUM,men,yaqoub mohammed,Yaqoub Mohammed,men:sackmann:212538,0,KWT,,U,,men:sackmann:212597,men:sackmann:212538 | men:sackmann:212597,men:sackmann:212538=0 | men:sackmann:212597=0,KWT,
MEDIUM,men,yaqoub mohammed,Yaqoub Mohammed,men:sackmann:212597,0,KWT,,U,,men:sackmann:212597,men:sackmann:212538 | men:sackmann:212597,men:sackmann:212538=0 | men:sackmann:212597=0,KWT,
MEDIUM,men,yuki mochizuki,Yuki Mochizuki,men:sackmann:200661,0,JPN,1998,R,173,men:sackmann:211460,men:sackmann:200661 | men:sackmann:211460,men:sackmann:200661=0 | men:sackmann:211460=0,JPN,1998
MEDIUM,men,yuki mochizuki,Yuki Mochizuki,men:sackmann:211460,0,JPN,,U,,men:sackmann:211460,men:sackmann:200661 | men:sackmann:211460,men:sackmann:200661=0 | men:sackmann:211460=0,JPN,1998
MEDIUM,women,adaugo ukaegbu,Adaugo Ukaegbu,women:sackmann:252520,0,USA,1994,U,,women:sackmann:265625,women:sackmann:252520 | women:sackmann:265625,women:sackmann:252520=0 | women:sackmann:265625=0,USA,1994
MEDIUM,women,adaugo ukaegbu,Adaugo Ukaegbu,women:sackmann:265625,0,USA,,U,,women:sackmann:265625,women:sackmann:252520 | women:sackmann:265625,women:sackmann:252520=0 | women:sackmann:265625=0,USA,1994
MEDIUM,women,ai yamaguchi,Ai Yamaguchi,women:sackmann:222101,0,JPN,,U,,women:sackmann:266624,women:sackmann:222101 | women:sackmann:266624,women:sackmann:222101=0 | women:sackmann:266624=0,JPN,2002
MEDIUM,women,ai yamaguchi,Ai Yamaguchi,women:sackmann:266624,0,JPN,2002,U,,women:sackmann:266624,women:sackmann:222101 | women:sackmann:266624,women:sackmann:222101=0 | women:sackmann:266624=0,JPN,2002
MEDIUM,women,alahya de jesus,Alahya De Jesus,women:sackmann:261051,0,DOM,,U,,women:sackmann:267551,women:sackmann:261051 | women:sackmann:267551,women:sackmann:261051=0 | women:sackmann:267551=0,DOM,
MEDIUM,women,alahya de jesus,Alahya De Jesus,women:sackmann:267551,0,DOM,,U,,women:sackmann:267551,women:sackmann:261051 | women:sackmann:267551,women:sackmann:261051=0 | women:sackmann:267551=0,DOM,
MEDIUM,women,alejandra ramirez botella,Alejandra Ramirez Botella,women:sackmann:225856,0,ESP,2005,U,,women:sackmann:267609,women:sackmann:225856 | women:sackmann:267609,women:sackmann:225856=0 | women:sackmann:267609=0,ESP,2005
MEDIUM,women,alejandra ramirez botella,Alejandra Ramirez Botella,women:sackmann:267609,0,ESP,,U,,women:sackmann:267609,women:sackmann:225856 | women:sackmann:267609,women:sackmann:225856=0 | women:sackmann:267609=0,ESP,2005
CHECK,women,aleksandra pozarenko,Aleksandra Pozarenko,women:sackmann:263701,0,RUS,,U,,women:sackmann:270361,women:sackmann:263701 | women:sackmann:270361,women:sackmann:263701=0 | women:sackmann:270361=0,RUS | UKR,2007
CHECK,women,aleksandra pozarenko,Aleksandra Pozarenko,women:sackmann:270361,0,UKR,2007,U,,women:sackmann:270361,women:sackmann:263701 | women:sackmann:270361,women:sackmann:263701=0 | women:sackmann:270361=0,RUS | UKR,2007
CHECK,women,alexandra damaschin,Alexandra Damaschin,women:sackmann:202595,0,ROU,1990,R,,women:sackmann:260269,women:sackmann:202595 | women:sackmann:260269,women:sackmann:202595=0 | women:sackmann:260269=0,ROU,1990 | 2006
CHECK,women,alexandra damaschin,Alexandra Damaschin,women:sackmann:260269,0,ROU,2006,U,,women:sackmann:260269,women:sackmann:202595 | women:sackmann:260269,women:sackmann:202595=0 | women:sackmann:260269=0,ROU,1990 | 2006
MEDIUM,women,alice ghiraldi,Alice Ghiraldi,women:sackmann:263987,0,BRA,,U,,women:sackmann:266580,women:sackmann:263987 | women:sackmann:266580,women:sackmann:263987=0 | women:sackmann:266580=0,BRA,2008
MEDIUM,women,alice ghiraldi,Alice Ghiraldi,women:sackmann:266580,0,BRA,2008,U,,women:sackmann:266580,women:sackmann:263987 | women:sackmann:266580,women:sackmann:263987=0 | women:sackmann:266580=0,BRA,2008
MEDIUM,women,amittalai prasutnawin,Amittalai Prasutnawin,women:sackmann:258204,0,THA,2007,U,,women:sackmann:265041,women:sackmann:258204 | women:sackmann:265041,women:sackmann:258204=0 | women:sackmann:265041=0,THA,2007
MEDIUM,women,amittalai prasutnawin,Amittalai Prasutnawin,women:sackmann:265041,0,THA,,U,,women:sackmann:265041,women:sackmann:258204 | women:sackmann:265041,women:sackmann:258204=0 | women:sackmann:265041=0,THA,2007
MEDIUM,women,ana lanisek,Ana Lanisek,women:sackmann:263884,0,SLO,,U,,women:sackmann:266679,women:sackmann:263884 | women:sackmann:266679,women:sackmann:263884=0 | women:sackmann:266679=0,SLO,
MEDIUM,women,ana lanisek,Ana Lanisek,women:sackmann:266679,0,SLO,,U,,women:sackmann:266679,women:sackmann:263884 | women:sackmann:266679,women:sackmann:263884=0 | women:sackmann:266679=0,SLO,
MEDIUM,women,ananya yadav,Ananya Yadav,women:sackmann:234242,0,IND,2003,U,,women:sackmann:266741,women:sackmann:234242 | women:sackmann:266741,women:sackmann:234242=0 | women:sackmann:266741=0,IND,2003
MEDIUM,women,ananya yadav,Ananya Yadav,women:sackmann:266741,0,IND,,U,,women:sackmann:266741,women:sackmann:234242 | women:sackmann:266741,women:sackmann:234242=0 | women:sackmann:266741=0,IND,2003
MEDIUM,women,anastasia komkina,Anastasia Komkina,women:sackmann:252510,0,RUS,2004,U,,women:sackmann:266588,women:sackmann:252510 | women:sackmann:266588,women:sackmann:252510=0 | women:sackmann:266588=0,RUS,2004
MEDIUM,women,anastasia komkina,Anastasia Komkina,women:sackmann:266588,0,RUS,,U,,women:sackmann:266588,women:sackmann:252510 | women:sackmann:266588,women:sackmann:252510=0 | women:sackmann:266588=0,RUS,2004
MEDIUM,women,anastasija adeikyte,Anastasija Adeikyte,women:sackmann:263655,0,LTU,,U,,women:sackmann:267773,women:sackmann:263655 | women:sackmann:267773,women:sackmann:263655=0 | women:sackmann:267773=0,LTU,
MEDIUM,women,anastasija adeikyte,Anastasija Adeikyte,women:sackmann:267773,0,LTU,,U,,women:sackmann:267773,women:sackmann:263655 | women:sackmann:267773,women:sackmann:263655=0 | women:sackmann:267773=0,LTU,
MEDIUM,women,anca stefania sauciuc,Anca Stefania Sauciuc,women:sackmann:260257,0,ROU,2006,U,,women:sackmann:267757,women:sackmann:260257 | women:sackmann:267757,women:sackmann:260257=0 | women:sackmann:267757=0,ROU,2006
MEDIUM,women,anca stefania sauciuc,Anca Stefania Sauciuc,women:sackmann:267757,0,ROU,,U,,women:sackmann:267757,women:sackmann:260257 | women:sackmann:267757,women:sackmann:260257=0 | women:sackmann:267757=0,ROU,2006
MEDIUM,women,anjali rathi,Anjali Rathi,women:sackmann:259761,0,IND,2006,U,,women:sackmann:266533,women:sackmann:259761 | women:sackmann:266533,women:sackmann:259761=0 | women:sackmann:266533=0,IND,2006
MEDIUM,women,anjali rathi,Anjali Rathi,women:sackmann:266533,0,IND,2006,U,,women:sackmann:266533,women:sackmann:259761 | women:sackmann:266533,women:sackmann:259761=0 | women:sackmann:266533=0,IND,2006
MEDIUM,women,anna lanciaprima,Anna Lanciaprima,women:sackmann:239463,0,ITA,2000,U,,women:sackmann:266666,women:sackmann:239463 | women:sackmann:266666,women:sackmann:239463=0 | women:sackmann:266666=0,ITA,2000
MEDIUM,women,anna lanciaprima,Anna Lanciaprima,women:sackmann:266666,0,ITA,,U,,women:sackmann:266666,women:sackmann:239463 | women:sackmann:266666,women:sackmann:239463=0 | women:sackmann:266666=0,ITA,2000
MEDIUM,women,april weisheit,April Weisheit,women:sackmann:264054,0,USA,,U,,women:sackmann:266444,women:sackmann:264054 | women:sackmann:266444,women:sackmann:264054=0 | women:sackmann:266444=0,USA,
MEDIUM,women,april weisheit,April Weisheit,women:sackmann:266444,0,USA,,U,,women:sackmann:266444,women:sackmann:264054 | women:sackmann:266444,women:sackmann:264054=0 | women:sackmann:266444=0,USA,
MEDIUM,women,aranai martinez quintana,Aranai Martinez Quintana,women:sackmann:266518,0,ESP,,U,,women:sackmann:266676,women:sackmann:266518 | women:sackmann:266676,women:sackmann:266518=0 | women:sackmann:266676=0,ESP,
MEDIUM,women,aranai martinez quintana,Aranai Martinez Quintana,women:sackmann:266676,0,ESP,,U,,women:sackmann:266676,women:sackmann:266518 | women:sackmann:266676,women:sackmann:266518=0 | women:sackmann:266676=0,ESP,
MEDIUM,women,bianca elena barbulescu,Bianca Elena Barbulescu,women:sackmann:239393,0,ROU,2004,U,,women:sackmann:266564,women:sackmann:239393 | women:sackmann:266564,women:sackmann:239393=0 | women:sackmann:266564=0,ROU,2004
MEDIUM,women,bianca elena barbulescu,Bianca Elena Barbulescu,women:sackmann:266564,0,ROU,,U,,women:sackmann:266564,women:sackmann:239393 | women:sackmann:266564,women:sackmann:239393=0 | women:sackmann:266564=0,ROU,2004
MEDIUM,women,briley rhoden,Briley Rhoden,women:sackmann:263825,0,USA,,U,,women:sackmann:267464,women:sackmann:263825 | women:sackmann:267464,women:sackmann:263825=0 | women:sackmann:267464=0,USA,
MEDIUM,women,briley rhoden,Briley Rhoden,women:sackmann:267464,0,USA,,U,,women:sackmann:267464,women:sackmann:263825 | women:sackmann:267464,women:sackmann:263825=0 | women:sackmann:267464=0,USA,
CHECK,women,brooke black,Brooke Black,women:sackmann:259607,0,GBR,2008,U,,women:sackmann:266682,women:sackmann:259607 | women:sackmann:265657 | women:sackmann:266682,women:sackmann:259607=0 | women:sackmann:265657=0 | women:sackmann:266682=0,GBR,2007 | 2008
CHECK,women,brooke black,Brooke Black,women:sackmann:265657,0,GBR,,U,,women:sackmann:266682,women:sackmann:259607 | women:sackmann:265657 | women:sackmann:266682,women:sackmann:259607=0 | women:sackmann:265657=0 | women:sackmann:266682=0,GBR,2007 | 2008
CHECK,women,brooke black,Brooke Black,women:sackmann:266682,0,GBR,2007,R,,women:sackmann:266682,women:sackmann:259607 | women:sackmann:265657 | women:sackmann:266682,women:sackmann:259607=0 | women:sackmann:265657=0 | women:sackmann:266682=0,GBR,2007 | 2008
CHECK,women,camila rodero,Camila Rodero,women:sackmann:264198,0,CHI,,U,,women:sackmann:266658,women:sackmann:264198 | women:sackmann:265632 | women:sackmann:266658,women:sackmann:264198=0 | women:sackmann:265632=0 | women:sackmann:266658=0,CHI | CHL,
CHECK,women,camila rodero,Camila Rodero,women:sackmann:265632,0,CHL,,U,,women:sackmann:266658,women:sackmann:264198 | women:sackmann:265632 | women:sackmann:266658,women:sackmann:264198=0 | women:sackmann:265632=0 | women:sackmann:266658=0,CHI | CHL,
CHECK,women,camila rodero,Camila Rodero,women:sackmann:266658,0,CHI,,U,,women:sackmann:266658,women:sackmann:264198 | women:sackmann:265632 | women:sackmann:266658,women:sackmann:264198=0 | women:sackmann:265632=0 | women:sackmann:266658=0,CHI | CHL,
MEDIUM,women,carlota mulet bouza,Carlota Mulet Bouza,women:sackmann:239407,0,ESP,2004,U,,women:sackmann:267604,women:sackmann:239407 | women:sackmann:267604,women:sackmann:239407=0 | women:sackmann:267604=0,ESP,2004
MEDIUM,women,carlota mulet bouza,Carlota Mulet Bouza,women:sackmann:267604,0,ESP,,U,,women:sackmann:267604,women:sackmann:239407 | women:sackmann:267604,women:sackmann:239407=0 | women:sackmann:267604=0,ESP,2004
MEDIUM,women,celia campo,Celia Campo,women:sackmann:264102,0,ESP,,U,,women:sackmann:267603,women:sackmann:264102 | women:sackmann:267603,women:sackmann:264102=0 | women:sackmann:267603=0,ESP,
MEDIUM,women,celia campo,Celia Campo,women:sackmann:267603,0,ESP,,U,,women:sackmann:267603,women:sackmann:264102 | women:sackmann:267603,women:sackmann:264102=0 | women:sackmann:267603=0,ESP,
MEDIUM,women,chloe henderson,Chloe Henderson,women:sackmann:223451,0,USA,2003,U,,women:sackmann:269862,women:sackmann:223451 | women:sackmann:269862,women:sackmann:223451=0 | women:sackmann:269862=0,USA,2003
MEDIUM,women,chloe henderson,Chloe Henderson,women:sackmann:269862,0,USA,,U,,women:sackmann:269862,women:sackmann:223451 | women:sackmann:269862,women:sackmann:223451=0 | women:sackmann:269862=0,USA,2003
MEDIUM,women,christina dodaj,Christina Dodaj,women:sackmann:260390,0,AUS,,U,,women:sackmann:266707,women:sackmann:260390 | women:sackmann:266707,women:sackmann:260390=0 | women:sackmann:266707=0,AUS,
MEDIUM,women,christina dodaj,Christina Dodaj,women:sackmann:266707,0,AUS,,U,,women:sackmann:266707,women:sackmann:260390 | women:sackmann:266707,women:sackmann:260390=0 | women:sackmann:266707=0,AUS,
MEDIUM,women,daniela borruel,Daniela Borruel,women:sackmann:260334,0,USA,,U,,women:sackmann:264224,women:sackmann:260334 | women:sackmann:264224,women:sackmann:260334=0 | women:sackmann:264224=0,USA,
MEDIUM,women,daniela borruel,Daniela Borruel,women:sackmann:264224,0,USA,,U,,women:sackmann:264224,women:sackmann:260334 | women:sackmann:264224,women:sackmann:260334=0 | women:sackmann:264224=0,USA,
MEDIUM,women,dasha zhabotina,Dasha Zhabotina,women:sackmann:234508,0,UKR,2005,U,,women:sackmann:266755,women:sackmann:234508 | women:sackmann:266755,women:sackmann:234508=0 | women:sackmann:266755=0,UKR,2005
MEDIUM,women,dasha zhabotina,Dasha Zhabotina,women:sackmann:266755,0,UKR,,U,,women:sackmann:266755,women:sackmann:234508 | women:sackmann:266755,women:sackmann:234508=0 | women:sackmann:266755=0,UKR,2005
MEDIUM,women,defne ursan,Defne Ursan,women:sackmann:239431,0,TUR,2005,U,,women:sackmann:266565,women:sackmann:239431 | women:sackmann:266565,women:sackmann:239431=0 | women:sackmann:266565=0,TUR,2005
MEDIUM,women,defne ursan,Defne Ursan,women:sackmann:266565,0,TUR,,U,,women:sackmann:266565,women:sackmann:239431 | women:sackmann:266565,women:sackmann:239431=0 | women:sackmann:266565=0,TUR,2005
MEDIUM,women,denisa elena plesa,Denisa Elena Plesa,women:sackmann:222576,0,ROU,,U,,women:sackmann:267427,women:sackmann:222576 | women:sackmann:267427,women:sackmann:222576=0 | women:sackmann:267427=0,ROU,
MEDIUM,women,denisa elena plesa,Denisa Elena Plesa,women:sackmann:267427,0,ROU,,U,,women:sackmann:267427,women:sackmann:222576 | women:sackmann:267427,women:sackmann:222576=0 | women:sackmann:267427=0,ROU,
MEDIUM,women,diana maria mihail,Diana Maria Mihail,women:sackmann:215239,0,ROU,2000,R,,women:sackmann:266833,women:sackmann:215239 | women:sackmann:266833,women:sackmann:215239=0 | women:sackmann:266833=0,ROU,2000
MEDIUM,women,diana maria mihail,Diana Maria Mihail,women:sackmann:266833,0,ROU,,U,,women:sackmann:266833,women:sackmann:215239 | women:sackmann:266833,women:sackmann:215239=0 | women:sackmann:266833=0,ROU,2000
MEDIUM,women,emma zheng,Emma Zheng,women:sackmann:259873,0,FRA,2005,U,,women:sackmann:266809,women:sackmann:259873 | women:sackmann:266809,women:sackmann:259873=0 | women:sackmann:266809=0,FRA,2005
MEDIUM,women,emma zheng,Emma Zheng,women:sackmann:266809,0,FRA,,U,,women:sackmann:266809,women:sackmann:259873 | women:sackmann:266809,women:sackmann:259873=0 | women:sackmann:266809=0,FRA,2005
CHECK,women,fitriani sabatini,Fitriani Sabatini,women:sackmann:221189,0,INA,2000,U,,women:sackmann:239429,women:sackmann:221189 | women:sackmann:239429,women:sackmann:221189=0 | women:sackmann:239429=0,INA,2000 | 2001
CHECK,women,fitriani sabatini,Fitriani Sabatini,women:sackmann:239429,0,INA,2001,U,,women:sackmann:239429,women:sackmann:221189 | women:sackmann:239429,women:sackmann:221189=0 | women:sackmann:239429=0,INA,2000 | 2001
MEDIUM,women,florence fedeli,Florence Fedeli,women:sackmann:245081,0,BEL,2003,U,,women:sackmann:266587,women:sackmann:245081 | women:sackmann:266587,women:sackmann:245081=0 | women:sackmann:266587=0,BEL,2003
MEDIUM,women,florence fedeli,Florence Fedeli,women:sackmann:266587,0,BEL,,U,,women:sackmann:266587,women:sackmann:245081 | women:sackmann:266587,women:sackmann:245081=0 | women:sackmann:266587=0,BEL,2003
CHECK,women,forta morina,Forta Morina,women:sackmann:263855,0,KOS,2005,U,,women:sackmann:267944,women:sackmann:263855 | women:sackmann:267944,women:sackmann:263855=0 | women:sackmann:267944=0,KOS | UNK,2005
CHECK,women,forta morina,Forta Morina,women:sackmann:267944,0,UNK,,U,,women:sackmann:267944,women:sackmann:263855 | women:sackmann:267944,women:sackmann:263855=0 | women:sackmann:267944=0,KOS | UNK,2005
MEDIUM,women,franca cecilia di pietro,Franca Cecilia Di Pietro,women:sackmann:265616,0,ITA,,U,,women:sackmann:266665,women:sackmann:265616 | women:sackmann:266665,women:sackmann:265616=0 | women:sackmann:266665=0,ITA,
MEDIUM,women,franca cecilia di pietro,Franca Cecilia Di Pietro,women:sackmann:266665,0,ITA,,U,,women:sackmann:266665,women:sackmann:265616 | women:sackmann:266665,women:sackmann:265616=0 | women:sackmann:266665=0,ITA,
MEDIUM,women,francesca mostallino,Francesca Mostallino,women:sackmann:260780,0,ITA,,U,,women:sackmann:267648,women:sackmann:260780 | women:sackmann:267648,women:sackmann:260780=0 | women:sackmann:267648=0,ITA,
MEDIUM,women,francesca mostallino,Francesca Mostallino,women:sackmann:267648,0,ITA,,U,,women:sackmann:267648,women:sackmann:260780 | women:sackmann:267648,women:sackmann:260780=0 | women:sackmann:267648=0,ITA,
CHECK,women,gabriela de araujo sandrini,Gabriela De Araujo Sandrini,women:sackmann:260923,0,BRA,,U,,women:sackmann:266425,women:sackmann:260923 | women:sackmann:266425,women:sackmann:260923=0 | women:sackmann:266425=0,BRA | ITA,
CHECK,women,gabriela de araujo sandrini,Gabriela De Araujo Sandrini,women:sackmann:266425,0,ITA,,U,,women:sackmann:266425,women:sackmann:260923 | women:sackmann:266425,women:sackmann:260923=0 | women:sackmann:266425=0,BRA | ITA,
CHECK,women,gabriela maria vancea,Gabriela Maria Vancea,women:sackmann:247668,0,ROU,2008,U,,women:sackmann:266492,women:sackmann:247668 | women:sackmann:266492,women:sackmann:247668=0 | women:sackmann:266492=0,ROU,2007 | 2008
CHECK,women,gabriela maria vancea,Gabriela Maria Vancea,women:sackmann:266492,0,ROU,2007,U,,women:sackmann:266492,women:sackmann:247668 | women:sackmann:266492,women:sackmann:247668=0 | women:sackmann:266492=0,ROU,2007 | 2008
MEDIUM,women,gabriela vilar,Gabriela Vilar,women:sackmann:266648,0,USA,,U,,women:sackmann:266661,women:sackmann:266648 | women:sackmann:266661,women:sackmann:266648=0 | women:sackmann:266661=0,USA,
MEDIUM,women,gabriela vilar,Gabriela Vilar,women:sackmann:266661,0,USA,,U,,women:sackmann:266661,women:sackmann:266648 | women:sackmann:266661,women:sackmann:266648=0 | women:sackmann:266661=0,USA,
MEDIUM,women,giulia paterno,Giulia Paterno,women:sackmann:221040,0,ITA,2003,R,,women:sackmann:266659,women:sackmann:221040 | women:sackmann:266659,women:sackmann:221040=0 | women:sackmann:266659=0,ITA,2003
MEDIUM,women,giulia paterno,Giulia Paterno,women:sackmann:266659,0,ITA,,U,,women:sackmann:266659,women:sackmann:221040 | women:sackmann:266659,women:sackmann:221040=0 | women:sackmann:266659=0,ITA,2003
MEDIUM,women,greta nemcsek,Greta Nemcsek,women:sackmann:267257,0,HUN,,U,,women:sackmann:267407,women:sackmann:267257 | women:sackmann:267407,women:sackmann:267257=0 | women:sackmann:267407=0,HUN,
MEDIUM,women,greta nemcsek,Greta Nemcsek,women:sackmann:267407,0,HUN,,U,,women:sackmann:267407,women:sackmann:267257 | women:sackmann:267407,women:sackmann:267257=0 | women:sackmann:267407=0,HUN,
CHECK,women,i wen wan,I Wen Wan,women:sackmann:263642,0,TPE,,U,,women:sackmann:267449,women:sackmann:263642 | women:sackmann:267449,women:sackmann:263642=0 | women:sackmann:267449=0,TPE | TWN,2006
CHECK,women,i wen wan,I Wen Wan,women:sackmann:267449,0,TWN,2006,U,,women:sackmann:267449,women:sackmann:263642 | women:sackmann:267449,women:sackmann:263642=0 | women:sackmann:267449=0,TPE | TWN,2006
MEDIUM,women,india fenieys,India Fenieys,women:sackmann:259750,0,FRA,2005,U,,women:sackmann:266614,women:sackmann:259750 | women:sackmann:266614,women:sackmann:259750=0 | women:sackmann:266614=0,FRA,2005
MEDIUM,women,india fenieys,India Fenieys,women:sackmann:266614,0,FRA,,U,,women:sackmann:266614,women:sackmann:259750 | women:sackmann:266614,women:sackmann:259750=0 | women:sackmann:266614=0,FRA,2005
MEDIUM,women,ioana teodora sava,Ioana Teodora Sava,women:sackmann:260526,0,ROU,,U,,women:sackmann:266532,women:sackmann:260526 | women:sackmann:266532,women:sackmann:260526=0 | women:sackmann:266532=0,ROU,
MEDIUM,women,ioana teodora sava,Ioana Teodora Sava,women:sackmann:266532,0,ROU,,U,,women:sackmann:266532,women:sackmann:260526 | women:sackmann:266532,women:sackmann:260526=0 | women:sackmann:266532=0,ROU,
MEDIUM,women,isabeli andreola,Isabeli Andreola,women:sackmann:261079,0,BRA,,U,,women:sackmann:270242,women:sackmann:261079 | women:sackmann:270242,women:sackmann:261079=0 | women:sackmann:270242=0,BRA,2007
MEDIUM,women,isabeli andreola,Isabeli Andreola,women:sackmann:270242,0,BRA,2007,U,,women:sackmann:270242,women:sackmann:261079 | women:sackmann:270242,women:sackmann:261079=0 | women:sackmann:270242=0,BRA,2007
CHECK,women,jizel matos sequeira fernandes,Jizel Matos Sequeira Fernandes,women:sackmann:221691,0,GBR,2000,U,,women:sackmann:266549,women:sackmann:221691 | women:sackmann:266549,women:sackmann:221691=0 | women:sackmann:266549=0,GBR,2000 | 2001
CHECK,women,jizel matos sequeira fernandes,Jizel Matos Sequeira Fernandes,women:sackmann:266549,0,GBR,2001,U,,women:sackmann:266549,women:sackmann:221691 | women:sackmann:266549,women:sackmann:221691=0 | women:sackmann:266549=0,GBR,2000 | 2001
MEDIUM,women,johanne christine svendsen,Johanne Christine Svendsen,women:sackmann:241717,0,DEN,2004,R,,women:sackmann:260672,women:sackmann:241717 | women:sackmann:260672,women:sackmann:241717=0 | women:sackmann:260672=0,DEN,2004
MEDIUM,women,johanne christine svendsen,Johanne Christine Svendsen,women:sackmann:260672,0,DEN,2004,R,,women:sackmann:260672,women:sackmann:241717 | women:sackmann:260672,women:sackmann:241717=0 | women:sackmann:260672=0,DEN,2004
MEDIUM,women,khadija ben salem,Khadija Ben Salem,women:sackmann:239493,0,TUN,2007,U,,women:sackmann:267947,women:sackmann:239493 | women:sackmann:267947,women:sackmann:239493=0 | women:sackmann:267947=0,TUN,2007
MEDIUM,women,khadija ben salem,Khadija Ben Salem,women:sackmann:267947,0,TUN,,U,,women:sackmann:267947,women:sackmann:239493 | women:sackmann:267947,women:sackmann:239493=0 | women:sackmann:267947=0,TUN,2007
MEDIUM,women,kiara nina kucikova,Kiara Nina Kucikova,women:sackmann:264009,0,SVK,,U,,women:sackmann:266562,women:sackmann:264009 | women:sackmann:266562,women:sackmann:264009=0 | women:sackmann:266562=0,SVK,
MEDIUM,women,kiara nina kucikova,Kiara Nina Kucikova,women:sackmann:266562,0,SVK,,U,,women:sackmann:266562,women:sackmann:264009 | women:sackmann:266562,women:sackmann:264009=0 | women:sackmann:266562=0,SVK,
MEDIUM,women,klio maria ioannou,Klio Maria Ioannou,women:sackmann:263904,0,CYP,,U,,women:sackmann:266766,women:sackmann:263904 | women:sackmann:266766,women:sackmann:263904=0 | women:sackmann:266766=0,CYP,
MEDIUM,women,klio maria ioannou,Klio Maria Ioannou,women:sackmann:266766,0,CYP,,U,,women:sackmann:266766,women:sackmann:263904 | women:sackmann:266766,women:sackmann:263904=0 | women:sackmann:266766=0,CYP,
MEDIUM,women,lara bela frederico de almeida santos,Lara Bela Frederico De Almeida Santos,women:sackmann:266459,0,BRA,,U,,women:sackmann:266577,women:sackmann:266459 | women:sackmann:266577,women:sackmann:266459=0 | women:sackmann:266577=0,BRA,
MEDIUM,women,lara bela frederico de almeida santos,Lara Bela Frederico De Almeida Santos,women:sackmann:266577,0,BRA,,U,,women:sackmann:266577,women:sackmann:266459 | women:sackmann:266577,women:sackmann:266459=0 | women:sackmann:266577=0,BRA,
MEDIUM,women,laura cuesta bret,Laura Cuesta Bret,women:sackmann:263991,0,ESP,,U,,women:sackmann:267605,women:sackmann:263991 | women:sackmann:267605,women:sackmann:263991=0 | women:sackmann:267605=0,ESP,
MEDIUM,women,laura cuesta bret,Laura Cuesta Bret,women:sackmann:267605,0,ESP,,U,,women:sackmann:267605,women:sackmann:263991 | women:sackmann:267605,women:sackmann:263991=0 | women:sackmann:267605=0,ESP,
MEDIUM,women,leyla nilufer elmas,Leyla Nilufer Elmas,women:sackmann:233748,0,TUR,2005,U,,women:sackmann:266601,women:sackmann:233748 | women:sackmann:266601,women:sackmann:233748=0 | women:sackmann:266601=0,TUR,2005
MEDIUM,women,leyla nilufer elmas,Leyla Nilufer Elmas,women:sackmann:266601,0,TUR,,U,,women:sackmann:266601,women:sackmann:233748 | women:sackmann:266601,women:sackmann:233748=0 | women:sackmann:266601=0,TUR,2005
MEDIUM,women,liisa varul,Liisa Varul,women:sackmann:222914,0,EST,,U,,women:sackmann:222915,women:sackmann:222914 | women:sackmann:222915,women:sackmann:222914=0 | women:sackmann:222915=0,EST,
MEDIUM,women,liisa varul,Liisa Varul,women:sackmann:222915,0,EST,,U,,women:sackmann:222915,women:sackmann:222914 | women:sackmann:222915,women:sackmann:222914=0 | women:sackmann:222915=0,EST,
MEDIUM,women,lily taylor,Lily Taylor,women:sackmann:259576,0,AUS,2006,U,,women:sackmann:266485,women:sackmann:259576 | women:sackmann:266485,women:sackmann:259576=0 | women:sackmann:266485=0,AUS,2006
MEDIUM,women,lily taylor,Lily Taylor,women:sackmann:266485,0,AUS,,U,,women:sackmann:266485,women:sackmann:259576 | women:sackmann:266485,women:sackmann:259576=0 | women:sackmann:266485=0,AUS,2006
MEDIUM,women,lucia gale,Lucia Gale,women:sackmann:264044,0,NZL,,U,,women:sackmann:266594,women:sackmann:264044 | women:sackmann:266594,women:sackmann:264044=0 | women:sackmann:266594=0,NZL,
MEDIUM,women,lucia gale,Lucia Gale,women:sackmann:266594,0,NZL,,U,,women:sackmann:266594,women:sackmann:264044 | women:sackmann:266594,women:sackmann:264044=0 | women:sackmann:266594=0,NZL,
MEDIUM,women,luciana perry,Luciana Perry,women:sackmann:252504,0,USA,2004,U,,women:sackmann:267920,women:sackmann:252504 | women:sackmann:267920,women:sackmann:252504=0 | women:sackmann:267920=0,USA,2004
MEDIUM,women,luciana perry,Luciana Perry,women:sackmann:267920,0,USA,,U,,women:sackmann:267920,women:sackmann:252504 | women:sackmann:267920,women:sackmann:252504=0 | women:sackmann:267920=0,USA,2004
MEDIUM,women,luisa silvestre da rosa silvestre,Luisa Silvestre Da Rosa Silvestre,women:sackmann:263976,0,BRA,,U,,women:sackmann:266595,women:sackmann:263976 | women:sackmann:266595,women:sackmann:263976=0 | women:sackmann:266595=0,BRA,
MEDIUM,women,luisa silvestre da rosa silvestre,Luisa Silvestre Da Rosa Silvestre,women:sackmann:266595,0,BRA,,U,,women:sackmann:266595,women:sackmann:263976 | women:sackmann:266595,women:sackmann:263976=0 | women:sackmann:266595=0,BRA,
CHECK,women,lya fernandez,Lya Fernandez,women:sackmann:248660,0,MEX,2008,U,,women:sackmann:259749,women:sackmann:248660 | women:sackmann:259749,women:sackmann:248660=0 | women:sackmann:259749=0,MEX,2007 | 2008
CHECK,women,lya fernandez,Lya Fernandez,women:sackmann:259749,0,MEX,2007,U,,women:sackmann:259749,women:sackmann:248660 | women:sackmann:259749,women:sackmann:248660=0 | women:sackmann:259749=0,MEX,2007 | 2008
CHECK,women,maria eleni poulka,Maria Eleni Poulka,women:sackmann:253669,0,GRE,2003,U,,women:sackmann:266767,women:sackmann:253669 | women:sackmann:266767,women:sackmann:253669=0 | women:sackmann:266767=0,GRC | GRE,2003
CHECK,women,maria eleni poulka,Maria Eleni Poulka,women:sackmann:266767,0,GRC,,U,,women:sackmann:266767,women:sackmann:253669 | women:sackmann:266767,women:sackmann:253669=0 | women:sackmann:266767=0,GRC | GRE,2003
CHECK,women,maria pinto,Maria Pinto,women:sackmann:223432,0,PUR,2006,U,,women:sackmann:269700,women:sackmann:223432 | women:sackmann:269700,women:sackmann:223432=0 | women:sackmann:269700=0,POR | PUR,2006
CHECK,women,maria pinto,Maria Pinto,women:sackmann:269700,0,POR,,U,,women:sackmann:269700,women:sackmann:223432 | women:sackmann:269700,women:sackmann:223432=0 | women:sackmann:269700=0,POR | PUR,2006
MEDIUM,women,mariapaz ospina,Mariapaz Ospina,women:sackmann:255641,0,COL,2007,U,,women:sackmann:267521,women:sackmann:255641 | women:sackmann:267521,women:sackmann:255641=0 | women:sackmann:267521=0,COL,2007
MEDIUM,women,mariapaz ospina,Mariapaz Ospina,women:sackmann:267521,0,COL,,U,,women:sackmann:267521,women:sackmann:255641 | women:sackmann:267521,women:sackmann:255641=0 | women:sackmann:267521=0,COL,2007
MEDIUM,women,melinda biro,Melinda Biro,women:sackmann:267256,0,HUN,,U,,women:sackmann:267406,women:sackmann:267256 | women:sackmann:267406,women:sackmann:267256=0 | women:sackmann:267406=0,HUN,
MEDIUM,women,melinda biro,Melinda Biro,women:sackmann:267406,0,HUN,,U,,women:sackmann:267406,women:sackmann:267256 | women:sackmann:267406,women:sackmann:267256=0 | women:sackmann:267406=0,HUN,
MEDIUM,women,meline lataste,Meline Lataste,women:sackmann:264163,0,FRA,,U,,women:sackmann:267625,women:sackmann:264163 | women:sackmann:267625,women:sackmann:264163=0 | women:sackmann:267625=0,FRA,
MEDIUM,women,meline lataste,Meline Lataste,women:sackmann:267625,0,FRA,,U,,women:sackmann:267625,women:sackmann:264163 | women:sackmann:267625,women:sackmann:264163=0 | women:sackmann:267625=0,FRA,
MEDIUM,women,meta marenk,Meta Marenk,women:sackmann:223445,0,SLO,2003,U,,women:sackmann:266677,women:sackmann:223445 | women:sackmann:266677,women:sackmann:223445=0 | women:sackmann:266677=0,SLO,2003
MEDIUM,women,meta marenk,Meta Marenk,women:sackmann:266677,0,SLO,,U,,women:sackmann:266677,women:sackmann:223445 | women:sackmann:266677,women:sackmann:223445=0 | women:sackmann:266677=0,SLO,2003
MEDIUM,women,mia e halli obeid,Mia E'Halli Obeid,women:sackmann:260725,0,ARG,,U,,women:sackmann:267478,women:sackmann:260725 | women:sackmann:267478,women:sackmann:260725=0 | women:sackmann:267478=0,ARG,
MEDIUM,women,mia e halli obeid,Mia E'Halli Obeid,women:sackmann:267478,0,ARG,,U,,women:sackmann:267478,women:sackmann:260725 | women:sackmann:267478,women:sackmann:260725=0 | women:sackmann:267478=0,ARG,
MEDIUM,women,miah webb,Miah Webb,women:sackmann:242451,0,USA,1998,U,,women:sackmann:265715,women:sackmann:242451 | women:sackmann:265715,women:sackmann:242451=0 | women:sackmann:265715=0,USA,1998
MEDIUM,women,miah webb,Miah Webb,women:sackmann:265715,0,USA,,U,,women:sackmann:265715,women:sackmann:242451 | women:sackmann:265715,women:sackmann:242451=0 | women:sackmann:265715=0,USA,1998
MEDIUM,women,misato kondo,Misato Kondo,women:sackmann:265667,0,JPN,,U,,women:sackmann:269927,women:sackmann:265667 | women:sackmann:269927,women:sackmann:265667=0 | women:sackmann:269927=0,JPN,
MEDIUM,women,misato kondo,Misato Kondo,women:sackmann:269927,0,JPN,,U,,women:sackmann:269927,women:sackmann:265667 | women:sackmann:269927,women:sackmann:265667=0 | women:sackmann:269927=0,JPN,
MEDIUM,women,mischka sinclaire goenadi,Mischka Sinclaire Goenadi,women:sackmann:263739,0,INA,,U,,women:sackmann:270366,women:sackmann:263739 | women:sackmann:270366,women:sackmann:263739=0 | women:sackmann:270366=0,INA,2008
MEDIUM,women,mischka sinclaire goenadi,Mischka Sinclaire Goenadi,women:sackmann:270366,0,INA,2008,U,,women:sackmann:270366,women:sackmann:263739 | women:sackmann:270366,women:sackmann:263739=0 | women:sackmann:270366=0,INA,2008
MEDIUM,women,na hyun kang,Na Hyun Kang,women:sackmann:222180,0,KOR,2004,U,,women:sackmann:267418,women:sackmann:222180 | women:sackmann:267418,women:sackmann:222180=0 | women:sackmann:267418=0,KOR,2004
MEDIUM,women,na hyun kang,Na Hyun Kang,women:sackmann:267418,0,KOR,,U,,women:sackmann:267418,women:sackmann:222180 | women:sackmann:267418,women:sackmann:222180=0 | women:sackmann:267418=0,KOR,2004
MEDIUM,women,nana kawagishi,Nana Kawagishi,women:sackmann:221771,0,JPN,2000,U,,women:sackmann:244078,women:sackmann:221771 | women:sackmann:244078,women:sackmann:221771=0 | women:sackmann:244078=0,JPN,2000
MEDIUM,women,nana kawagishi,Nana Kawagishi,women:sackmann:244078,0,JPN,2000,U,,women:sackmann:244078,women:sackmann:221771 | women:sackmann:244078,women:sackmann:221771=0 | women:sackmann:244078=0,JPN,2000
MEDIUM,women,natalia pietras,Natalia Pietras,women:sackmann:220526,0,POL,2000,U,,women:sackmann:266552,women:sackmann:220526 | women:sackmann:266552,women:sackmann:220526=0 | women:sackmann:266552=0,POL,2000
MEDIUM,women,natalia pietras,Natalia Pietras,women:sackmann:266552,0,POL,,U,,women:sackmann:266552,women:sackmann:220526 | women:sackmann:266552,women:sackmann:220526=0 | women:sackmann:266552=0,POL,2000
MEDIUM,women,nisa bulut,Nisa Bulut,women:sackmann:266439,0,TUR,,U,,women:sackmann:266567,women:sackmann:266439 | women:sackmann:266567,women:sackmann:266439=0 | women:sackmann:266567=0,TUR,
MEDIUM,women,nisa bulut,Nisa Bulut,women:sackmann:266567,0,TUR,,U,,women:sackmann:266567,women:sackmann:266439 | women:sackmann:266567,women:sackmann:266439=0 | women:sackmann:266567=0,TUR,
MEDIUM,women,oceanne lopez,Oceanne Lopez,women:sackmann:261023,0,BEL,,U,,women:sackmann:266692,women:sackmann:261023 | women:sackmann:266692,women:sackmann:261023=0 | women:sackmann:266692=0,BEL,
MEDIUM,women,oceanne lopez,Oceanne Lopez,women:sackmann:266692,0,BEL,,U,,women:sackmann:266692,women:sackmann:261023 | women:sackmann:266692,women:sackmann:261023=0 | women:sackmann:266692=0,BEL,
MEDIUM,women,onyu choi,Onyu Choi,women:sackmann:260599,0,KOR,,U,,women:sackmann:266529,women:sackmann:260599 | women:sackmann:266529,women:sackmann:260599=0 | women:sackmann:266529=0,KOR,2007
MEDIUM,women,onyu choi,Onyu Choi,women:sackmann:266529,0,KOR,2007,U,,women:sackmann:266529,women:sackmann:260599 | women:sackmann:266529,women:sackmann:260599=0 | women:sackmann:266529=0,KOR,2007
MEDIUM,women,paola napal villanueva,Paola Napal Villanueva,women:sackmann:264161,0,ESP,,U,,women:sackmann:269724,women:sackmann:264161 | women:sackmann:269724,women:sackmann:264161=0 | women:sackmann:269724=0,ESP,
MEDIUM,women,paola napal villanueva,Paola Napal Villanueva,women:sackmann:269724,0,ESP,,U,,women:sackmann:269724,women:sackmann:264161 | women:sackmann:269724,women:sackmann:264161=0 | women:sackmann:269724=0,ESP,
MEDIUM,women,patricia grigoras,Patricia Grigoras,women:sackmann:260605,0,USA,,U,,women:sackmann:265196,women:sackmann:260605 | women:sackmann:265196,women:sackmann:260605=0 | women:sackmann:265196=0,USA,
MEDIUM,women,patricia grigoras,Patricia Grigoras,women:sackmann:265196,0,USA,,U,,women:sackmann:265196,women:sackmann:260605 | women:sackmann:265196,women:sackmann:260605=0 | women:sackmann:265196=0,USA,
MEDIUM,women,patricia rodriguez carretero,Patricia Rodriguez Carretero,women:sackmann:259919,0,ESP,2003,U,,women:sackmann:266548,women:sackmann:259919 | women:sackmann:266548,women:sackmann:259919=0 | women:sackmann:266548=0,ESP,2003
MEDIUM,women,patricia rodriguez carretero,Patricia Rodriguez Carretero,women:sackmann:266548,0,ESP,,U,,women:sackmann:266548,women:sackmann:259919 | women:sackmann:266548,women:sackmann:259919=0 | women:sackmann:266548=0,ESP,2003
MEDIUM,women,pola piaskowska,Pola Piaskowska,women:sackmann:266418,0,POL,,U,,women:sackmann:269673,women:sackmann:266418 | women:sackmann:269673,women:sackmann:266418=0 | women:sackmann:269673=0,POL,
MEDIUM,women,pola piaskowska,Pola Piaskowska,women:sackmann:269673,0,POL,,U,,women:sackmann:269673,women:sackmann:266418 | women:sackmann:269673,women:sackmann:266418=0 | women:sackmann:269673=0,POL,
MEDIUM,women,rianna alame,Rianna Alame,women:sackmann:266384,0,AUS,,U,,women:sackmann:270281,women:sackmann:266384 | women:sackmann:270281,women:sackmann:266384=0 | women:sackmann:270281=0,AUS,2008
MEDIUM,women,rianna alame,Rianna Alame,women:sackmann:270281,0,AUS,2008,U,,women:sackmann:270281,women:sackmann:266384 | women:sackmann:270281,women:sackmann:266384=0 | women:sackmann:270281=0,AUS,2008
MEDIUM,women,riya sachdeva,Riya Sachdeva,women:sackmann:263377,0,IND,,U,,women:sackmann:266744,women:sackmann:263377 | women:sackmann:266744,women:sackmann:263377=0 | women:sackmann:266744=0,IND,
MEDIUM,women,riya sachdeva,Riya Sachdeva,women:sackmann:266744,0,IND,,U,,women:sackmann:266744,women:sackmann:263377 | women:sackmann:266744,women:sackmann:263377=0 | women:sackmann:266744=0,IND,
MEDIUM,women,rocio rojo domingo,Rocio Rojo Domingo,women:sackmann:221011,0,ESP,2000,U,,women:sackmann:267583,women:sackmann:221011 | women:sackmann:267583,women:sackmann:221011=0 | women:sackmann:267583=0,ESP,2000
MEDIUM,women,rocio rojo domingo,Rocio Rojo Domingo,women:sackmann:267583,0,ESP,,U,,women:sackmann:267583,women:sackmann:221011 | women:sackmann:267583,women:sackmann:221011=0 | women:sackmann:267583=0,ESP,2000
MEDIUM,women,salma ewing,Salma Ewing,women:sackmann:215921,0,USA,2000,R,,women:sackmann:260299,women:sackmann:215921 | women:sackmann:260299,women:sackmann:215921=0 | women:sackmann:260299=0,USA,2000
MEDIUM,women,salma ewing,Salma Ewing,women:sackmann:260299,0,USA,,U,,women:sackmann:260299,women:sackmann:215921 | women:sackmann:260299,women:sackmann:215921=0 | women:sackmann:260299=0,USA,2000
MEDIUM,women,sara festa,Sara Festa,women:sackmann:260808,0,ITA,,U,,women:sackmann:267646,women:sackmann:260808 | women:sackmann:267646,women:sackmann:260808=0 | women:sackmann:267646=0,ITA,
MEDIUM,women,sara festa,Sara Festa,women:sackmann:267646,0,ITA,,U,,women:sackmann:267646,women:sackmann:260808 | women:sackmann:267646,women:sackmann:260808=0 | women:sackmann:267646=0,ITA,
MEDIUM,women,sara mickoska,Sara Mickoska,women:sackmann:263683,0,AUS,,U,,women:sackmann:266709,women:sackmann:263683 | women:sackmann:266709,women:sackmann:263683=0 | women:sackmann:266709=0,AUS,
MEDIUM,women,sara mickoska,Sara Mickoska,women:sackmann:266709,0,AUS,,U,,women:sackmann:266709,women:sackmann:263683 | women:sackmann:266709,women:sackmann:263683=0 | women:sackmann:266709=0,AUS,
MEDIUM,women,sara milagros floris,Sara Milagros Floris,women:sackmann:259735,0,ARG,2005,U,,women:sackmann:265633,women:sackmann:259735 | women:sackmann:265633,women:sackmann:259735=0 | women:sackmann:265633=0,ARG,2005
MEDIUM,women,sara milagros floris,Sara Milagros Floris,women:sackmann:265633,0,ARG,,U,,women:sackmann:265633,women:sackmann:259735 | women:sackmann:265633,women:sackmann:259735=0 | women:sackmann:265633=0,ARG,2005
MEDIUM,women,sarasa kaneko,Sarasa Kaneko,women:sackmann:264145,0,JPN,,U,,women:sackmann:267670,women:sackmann:264145 | women:sackmann:267670,women:sackmann:264145=0 | women:sackmann:267670=0,JPN,
MEDIUM,women,sarasa kaneko,Sarasa Kaneko,women:sackmann:267670,0,JPN,,U,,women:sackmann:267670,women:sackmann:264145 | women:sackmann:267670,women:sackmann:264145=0 | women:sackmann:267670=0,JPN,
MEDIUM,women,severine deppner,Severine Deppner,women:sackmann:234486,0,FRA,2007,U,,women:sackmann:266649,women:sackmann:234486 | women:sackmann:266649,women:sackmann:234486=0 | women:sackmann:266649=0,FRA,2007
MEDIUM,women,severine deppner,Severine Deppner,women:sackmann:266649,0,FRA,,U,,women:sackmann:266649,women:sackmann:234486 | women:sackmann:266649,women:sackmann:234486=0 | women:sackmann:266649=0,FRA,2007
MEDIUM,women,sofia camila rojas,Sofia Camila Rojas,women:sackmann:222007,0,USA,,U,,women:sackmann:266630,women:sackmann:222007 | women:sackmann:266630,women:sackmann:222007=0 | women:sackmann:266630=0,USA,2002
MEDIUM,women,sofia camila rojas,Sofia Camila Rojas,women:sackmann:266630,0,USA,2002,U,,women:sackmann:266630,women:sackmann:222007 | women:sackmann:266630,women:sackmann:222007=0 | women:sackmann:266630=0,USA,2002
MEDIUM,women,sophie llewellyn,Sophie Llewellyn,women:sackmann:265712,0,USA,,U,,women:sackmann:266686,women:sackmann:265712 | women:sackmann:266686,women:sackmann:265712=0 | women:sackmann:266686=0,USA,2006
MEDIUM,women,sophie llewellyn,Sophie Llewellyn,women:sackmann:266686,0,USA,2006,U,,women:sackmann:266686,women:sackmann:265712 | women:sackmann:266686,women:sackmann:265712=0 | women:sackmann:266686=0,USA,2006
MEDIUM,women,sophie mcdonald,Sophie Mcdonald,women:sackmann:259817,0,AUS,2005,U,,women:sackmann:264285,women:sackmann:259817 | women:sackmann:264285,women:sackmann:259817=0 | women:sackmann:264285=0,AUS,2005
MEDIUM,women,sophie mcdonald,Sophie Mcdonald,women:sackmann:264285,0,AUS,,U,,women:sackmann:264285,women:sackmann:259817 | women:sackmann:264285,women:sackmann:259817=0 | women:sackmann:264285=0,AUS,2005
MEDIUM,women,sophie stanton,Sophie Stanton,women:sackmann:266371,0,CAN,,U,,women:sackmann:269264,women:sackmann:266371 | women:sackmann:269264,women:sackmann:266371=0 | women:sackmann:269264=0,CAN,
MEDIUM,women,sophie stanton,Sophie Stanton,women:sackmann:269264,0,CAN,,U,,women:sackmann:269264,women:sackmann:266371 | women:sackmann:269264,women:sackmann:266371=0 | women:sackmann:269264=0,CAN,
MEDIUM,women,summer hupfeld,Summer Hupfeld,women:sackmann:260688,0,AUS,,U,,women:sackmann:266777,women:sackmann:260688 | women:sackmann:266777,women:sackmann:260688=0 | women:sackmann:266777=0,AUS,
MEDIUM,women,summer hupfeld,Summer Hupfeld,women:sackmann:266777,0,AUS,,U,,women:sackmann:266777,women:sackmann:260688 | women:sackmann:266777,women:sackmann:260688=0 | women:sackmann:266777=0,AUS,
MEDIUM,women,susanna maltby,Susanna Maltby,women:sackmann:260982,0,USA,,U,,women:sackmann:265622,women:sackmann:260982 | women:sackmann:265622,women:sackmann:260982=0 | women:sackmann:265622=0,USA,
MEDIUM,women,susanna maltby,Susanna Maltby,women:sackmann:265622,0,USA,,U,,women:sackmann:265622,women:sackmann:260982 | women:sackmann:265622,women:sackmann:260982=0 | women:sackmann:265622=0,USA,
MEDIUM,women,theodora degelow,Theodora Degelow,women:sackmann:260584,0,GER,,U,,women:sackmann:265659,women:sackmann:260584 | women:sackmann:265659,women:sackmann:260584=0 | women:sackmann:265659=0,GER,
MEDIUM,women,theodora degelow,Theodora Degelow,women:sackmann:265659,0,GER,,U,,women:sackmann:265659,women:sackmann:260584 | women:sackmann:265659,women:sackmann:260584=0 | women:sackmann:265659=0,GER,
MEDIUM,women,tiantsoa sarah rakotomanga rajaonah,Tiantsoa Sarah Rakotomanga Rajaonah,women:sackmann:239456,0,FRA,2006,L,,women:sackmann:266531,women:sackmann:239456 | women:sackmann:266531,women:sackmann:239456=0 | women:sackmann:266531=0,FRA,2006
MEDIUM,women,tiantsoa sarah rakotomanga rajaonah,Tiantsoa Sarah Rakotomanga Rajaonah,women:sackmann:266531,0,FRA,,U,,women:sackmann:266531,women:sackmann:239456 | women:sackmann:266531,women:sackmann:239456=0 | women:sackmann:266531=0,FRA,2006
MEDIUM,women,tzeng mu jie,Tzeng Mu Jie,women:sackmann:267182,0,TWN,,U,,women:sackmann:267448,women:sackmann:267182 | women:sackmann:267448,women:sackmann:267182=0 | women:sackmann:267448=0,TWN,
MEDIUM,women,tzeng mu jie,Tzeng Mu Jie,women:sackmann:267448,0,TWN,,U,,women:sackmann:267448,women:sackmann:267182 | women:sackmann:267448,women:sackmann:267182=0 | women:sackmann:267448=0,TWN,
MEDIUM,women,valentina surdo,Valentina Surdo,women:sackmann:260768,0,ARG,,U,,women:sackmann:265634,women:sackmann:260768 | women:sackmann:265634,women:sackmann:260768=0 | women:sackmann:265634=0,ARG,
MEDIUM,women,valentina surdo,Valentina Surdo,women:sackmann:265634,0,ARG,,U,,women:sackmann:265634,women:sackmann:260768 | women:sackmann:265634,women:sackmann:260768=0 | women:sackmann:265634=0,ARG,
MEDIUM,women,valeryia darashuk,Valeryia Darashuk,women:sackmann:260522,0,POL,,U,,women:sackmann:267736,women:sackmann:260522 | women:sackmann:267736,women:sackmann:260522=0 | women:sackmann:267736=0,POL,
MEDIUM,women,valeryia darashuk,Valeryia Darashuk,women:sackmann:267736,0,POL,,U,,women:sackmann:267736,women:sackmann:260522 | women:sackmann:267736,women:sackmann:260522=0 | women:sackmann:267736=0,POL,
MEDIUM,women,vanessa ioana georgiana popa teiusanu,Vanessa Ioana Georgiana Popa Teiusanu,women:sackmann:222847,0,ROU,2004,U,,women:sackmann:266600,women:sackmann:222847 | women:sackmann:266600,women:sackmann:222847=0 | women:sackmann:266600=0,ROU,2004
MEDIUM,women,vanessa ioana georgiana popa teiusanu,Vanessa Ioana Georgiana Popa Teiusanu,women:sackmann:266600,0,ROU,,U,,women:sackmann:266600,women:sackmann:222847 | women:sackmann:266600,women:sackmann:222847=0 | women:sackmann:266600=0,ROU,2004
MEDIUM,women,verona freigassner,Verona Freigassner,women:sackmann:260547,0,AUT,,U,,women:sackmann:269820,women:sackmann:260547 | women:sackmann:269820,women:sackmann:260547=0 | women:sackmann:269820=0,AUT,
MEDIUM,women,verona freigassner,Verona Freigassner,women:sackmann:269820,0,AUT,,U,,women:sackmann:269820,women:sackmann:260547 | women:sackmann:269820,women:sackmann:260547=0 | women:sackmann:269820=0,AUT,
MEDIUM,women,yu chin tsai,Yu Chin Tsai,women:sackmann:260705,0,TPE,,U,,women:sackmann:265621,women:sackmann:260705 | women:sackmann:264178 | women:sackmann:265621,women:sackmann:260705=0 | women:sackmann:264178=0 | women:sackmann:265621=0,TPE,
MEDIUM,women,yu chin tsai,Yu Chin Tsai,women:sackmann:264178,0,TPE,,U,,women:sackmann:265621,women:sackmann:260705 | women:sackmann:264178 | women:sackmann:265621,women:sackmann:260705=0 | women:sackmann:264178=0 | women:sackmann:265621=0,TPE,
MEDIUM,women,yu chin tsai,Yu Chin Tsai,women:sackmann:265621,0,TPE,,U,,women:sackmann:265621,women:sackmann:260705 | women:sackmann:264178 | women:sackmann:265621,women:sackmann:260705=0 | women:sackmann:264178=0 | women:sackmann:265621=0,TPE,
MEDIUM,women,yvonne bruce tagoe,Yvonne Bruce Tagoe,women:sackmann:220120,0,GHA,1996,R,,women:sackmann:266608,women:sackmann:220120 | women:sackmann:266608,women:sackmann:220120=0 | women:sackmann:266608=0,GHA,1996
MEDIUM,women,yvonne bruce tagoe,Yvonne Bruce Tagoe,women:sackmann:266608,0,GHA,,U,,women:sackmann:266608,women:sackmann:220120 | women:sackmann:266608,women:sackmann:220120=0 | women:sackmann:266608=0,GHA,1996
MEDIUM,women,zumra balkan,Zumra Balkan,women:sackmann:263972,0,TUR,,U,,women:sackmann:266535,women:sackmann:263972 | women:sackmann:266535,women:sackmann:263972=0 | women:sackmann:266535=0,TUR,
MEDIUM,women,zumra balkan,Zumra Balkan,women:sackmann:266535,0,TUR,,U,,women:sackmann:266535,women:sackmann:263972 | women:sackmann:266535,women:sackmann:263972=0 | women:sackmann:266535=0,TUR,
