date,gender,tour_level,tournament,round,match,player_name,opponent_name,player_key,opponent_key,player_api_key,opponent_api_key,player_canonical_key,opponent_canonical_key,odds,result,old_profit,stake
2026-05-05,men,challenger,Francavilla,Francavilla - 1/16-finals,A. Barrena - A. Holmgren,A. Holmgren,A. Barrena,19536,1324,men:api:19536,men:api:1324,men:sackmann:200416,men:sackmann:209875,2.33,win,1.6625,1.25
2026-05-05,men,challenger,Francavilla,Francavilla - 1/16-finals,A. Barrena - A. Holmgren,A. Holmgren,A. Barrena,19536,1324,men:api:19536,men:api:1324,men:sackmann:200416,men:sackmann:209875,2.22,win,1.83,1.5
2026-05-05,men,challenger,Wuxi,Wuxi - 1/16-finals,A. Bolt - F. Sun,F. Sun,A. Bolt,876,3319,men:api:876,men:api:3319,men:sackmann:111806,men:sackmann:106109,2.13,win,1.4125,1.25
2026-05-05,men,challenger,Francavilla,Francavilla - 1/16-finals,A. Guerrieri - C. H. Tseng,A. Guerrieri,C. H. Tseng,853,389,men:api:853,men:api:389,men:sackmann:200462,men:sackmann:202358,1.85,loss,-1.25,1.25
2026-05-05,men,challenger,Francavilla,Francavilla - 1/16-finals,F. Gill - Z. Kolar,F. Gill,Z. Kolar,1208,384,men:api:1208,men:api:384,men:sackmann:208269,men:sackmann:144645,1.93,loss,-1.25,1.25
2026-05-05,men,challenger,Wuxi,Wuxi - 1/16-finals,L. Castelnuovo - O. Milic,L. Castelnuovo,O. Milic,2220,52882,men:api:2220,men:api:52882,men:sackmann:132573,men:sackmann:212207,2.4,loss,-1.25,1.25
2026-05-05,men,challenger,Wuxi,Wuxi - 1/16-finals,L. Castelnuovo - O. Milic,L. Castelnuovo,O. Milic,2220,52882,men:api:2220,men:api:52882,men:sackmann:132573,men:sackmann:212207,2.63,loss,-1.25,1.25
2026-05-05,men,challenger,Santos,Santos - 1/16-finals,M. Tobon - E. Ribeiro,M. Tobon,E. Ribeiro,34386,6712,men:api:34386,men:api:6712,men:sackmann:101495,men:sackmann:200495,2.5,win,1.875,1.25
2026-05-05,men,challenger,Wuxi,Wuxi - 1/16-finals,Wu Tung-Lin - J. McCabe,Wu Tung-Lin,J. McCabe,1062,1882,men:api:1062,men:api:1882,men:sackmann:126555,men:sackmann:210317,1.68,loss,-1.5,1.5
2026-05-05,women,challenger,Jiujiang (China) - Qualification,Jiujiang - 1/16-finals,A. Zolotareva - M. Yamaguchi,A. Zolotareva,M. Yamaguchi,13411,98,women:api:13411,women:api:98,women:sackmann:221209,women:sackmann:215614,2.2,loss,-1.5,1.5
2026-05-05,women,itf,W35 Platja D'Aro,W35 Platja D'Aro - 1/16-finals,F. Curmi - A. Monnot,F. Curmi,A. Monnot,145,14242,women:api:145,women:api:14242,women:sackmann:221014,women:sackmann:221486,1.83,win,0.83,1.0
2026-05-05,women,challenger,Istanbul (Turkey) - Qualification,Istanbul - 1/16-finals,K. Sebov - B. Cengiz,K. Sebov,B. Cengiz,6701,1241,women:api:6701,women:api:1241,women:sackmann:214684,women:sackmann:214507,1.93,loss,-1.5,1.5
2026-05-05,women,itf,W100 Indian Harbour Beach,"W100 Indian Harbour Beach, FL - 1/16-finals",M. Sieg - E. Mandlik,M. Sieg,E. Mandlik,9246,209,women:api:9246,women:api:209,women:sackmann:221020,women:sackmann:216097,2.75,loss,-1.25,1.25
2026-05-05,women,challenger,Istanbul (Turkey) - Qualification,Istanbul - 1/16-finals,M. Timofeeva - N. Noha Akugue,N. Noha Akugue,M. Timofeeva,1029,12869,women:api:1029,women:api:12869,women:sackmann:223333,women:sackmann:221237,2.1,loss,-1.5,1.5
2026-05-05,women,challenger,Istanbul (Turkey) - Qualification,Istanbul - 1/16-finals,M. Timofeeva - N. Noha Akugue,N. Noha Akugue,M. Timofeeva,1029,12869,women:api:1029,women:api:12869,women:sackmann:223333,women:sackmann:221237,2.2,loss,-1.5,1.5
2026-05-05,women,challenger,Jiujiang (China) - Qualification,Jiujiang - 1/16-finals,Y. Yang - C. Zhao,Y. Yang,C. Zhao,1384,1822,women:api:1384,women:api:1822,women:sackmann:215820,women:sackmann:203475,2.15,loss,-1.25,1.25
2026-05-06,men,challenger,Francavilla,Francavilla - 1/8-finals,A. Holmgren - G. Den Ouden,A. Holmgren,G. Den Ouden,19536,1935,men:api:19536,men:api:1935,men:sackmann:200416,men:sackmann:209911,2.25,win,1.875,1.5
2026-05-06,men,challenger,Francavilla,Francavilla - 1/16-finals,J. C. Prado Angelo - B. Gadamauri,B. Gadamauri,J. C. Prado Angelo,12832,21704,men:api:12832,men:api:21704,men:sackmann:207527,men:sackmann:210178,2.23,loss,-1.25,1.25
2026-05-06,men,challenger,Francavilla,Francavilla - 1/16-finals,J. C. Prado Angelo - B. Gadamauri,B. Gadamauri,J. C. Prado Angelo,12832,21704,men:api:12832,men:api:21704,men:sackmann:207527,men:sackmann:210178,2.28,loss,-1.25,1.25
2026-05-06,men,challenger,Francavilla,Francavilla - 1/16-finals,J. C. Prado Angelo - B. Gadamauri,B. Gadamauri,J. C. Prado Angelo,12832,21704,men:api:12832,men:api:21704,men:sackmann:207527,men:sackmann:210178,2.28,loss,-1.25,1.25
2026-05-06,women,wta,Rome,WTA Rome - 1/64-finals,A. Eala - M. Frech,A. Eala,M. Frech,3490,2089,women:api:3490,women:api:2089,women:sackmann:223253,women:sackmann:211684,1.81,win,1.0125,1.25
2026-05-06,women,challenger,Istanbul (Turkey) - Qualification,Istanbul - 1/8-finals,A. Tubello - E. Yaneva,A. Tubello,E. Yaneva,7522,58227,women:api:7522,women:api:58227,women:sackmann:220554,women:sackmann:260664,2.1,win,1.375,1.25
2026-05-06,women,wta,Rome,WTA Rome - 1/64-finals,E. Cocciaretto - S. Kraus,S. Kraus,E. Cocciaretto,1424,477,women:api:1424,women:api:477,women:sackmann:221257,women:sackmann:220714,2.2,loss,-1.5,1.5
2026-05-06,women,itf,W75 Saint-Gaudens,W75 Saint-Gaudens - 1/16-finals,M. Rouvroy - E. Andreeva,M. Rouvroy,E. Andreeva,9119,1958,women:api:9119,women:api:1958,women:sackmann:221191,women:sackmann:222965,2.63,loss,-1.25,1.25
2026-05-06,women,wta,Rome,WTA Rome - 1/64-finals,Y. Putintseva - T. Valentova,Y. Putintseva,T. Valentova,2177,8976,women:api:2177,women:api:8976,women:sackmann:201709,women:sackmann:238184,2.23,loss,-1.25,1.25
2026-05-07,men,atp,Rome,ATP Rome - 1/64-finals,D. Svrcina - M. Kecmanovic,D. Svrcina,M. Kecmanovic,1754,2848,men:api:1754,men:api:2848,men:sackmann:207494,men:sackmann:200175,1.99,loss,-1.5,1.5
2026-05-07,men,challenger,Francavilla,Francavilla - 1/8-finals,F. Ferreira Silva - C. H. Tseng,F. Ferreira Silva,C. H. Tseng,585,389,men:api:585,men:api:389,men:sackmann:106393,men:sackmann:202358,2.1,loss,-1.25,1.25
2026-05-07,men,atp,Rome,ATP Rome - 1/64-finals,M. Giron - M. Cilic,M. Giron,M. Cilic,1766,2167,men:api:1766,men:api:2167,men:sackmann:106218,men:sackmann:105227,2.32,loss,-1.5,1.5
2026-05-07,men,challenger,Wuxi,Wuxi - 1/8-finals,M. Jones - A. Santillan,A. Santillan,M. Jones,868,680,men:api:868,men:api:680,men:sackmann:117361,men:sackmann:210382,2.12,win,1.4,1.25
2026-05-07,men,atp,Rome,ATP Rome - 1/64-finals,T. A. Tirante - G. Cadenasso,G. Cadenasso,T. A. Tirante,38798,366,men:api:38798,men:api:366,men:sackmann:211533,men:sackmann:202058,2.63,loss,-1.0,1.0
2026-05-07,women,challenger,Istanbul (Turkey) - Qualification,Istanbul - 1/8-finals,L. Fruhvirtova - L. Pigossi,L. Pigossi,L. Fruhvirtova,1125,446,women:api:1125,women:api:446,women:sackmann:206007,women:sackmann:222258,2.35,win,1.6875,1.25
2026-05-08,men,challenger,Francavilla,Francavilla - Quarter-finals,A. Holmgren - M. Schoenhaus,A. Holmgren,M. Schoenhaus,19536,56893,men:api:19536,men:api:56893,men:sackmann:200416,men:sackmann:212268,1.82,win,1.025,1.25
2026-05-08,men,atp,Rome,ATP Rome - 1/32-finals,A. Tabilo - F. Cerundolo,A. Tabilo,F. Cerundolo,2982,1104,men:api:2982,men:api:1104,men:sackmann:126214,men:sackmann:202103,2.55,loss,-1.25,1.25
2026-05-08,men,challenger,Brazzaville,Brazzaville - Quarter-finals,F. Bax - M. Erhard,F. Bax,M. Erhard,2105,668,men:api:2105,men:api:668,men:sackmann:202147,men:sackmann:207231,1.82,win,0.82,1.0
2026-05-08,men,itf,M25 Loule,M25 Loule - Quarter-finals,G. Marques - D. Marques,D. Marques,G. Marques,15387,58113,men:api:15387,men:api:58113,men:sackmann:202081,men:sackmann:149128,2.75,loss,-1.0,1.0
2026-05-08,men,challenger,Brazzaville,Brazzaville - Quarter-finals,I. Vasa - F. Ribero,F. Ribero,I. Vasa,8144,9934,men:api:8144,men:api:9934,men:sackmann:202305,men:sackmann:209204,2.25,win,1.5625,1.25
2026-05-08,men,itf,M15 Wuning,M15 Wuning - Quarter-finals,J. Choe - Z. Zhao,J. Choe,Z. Zhao,69052,12909,men:api:69052,men:api:12909,men:sackmann:212647,men:sackmann:206888,1.86,win,1.075,1.25
2026-05-08,men,itf,M15 Hurghada 4 (Egypt),M15 Hurghada 4 - Quarter-finals,L. Bocchi - N. Ehrenschneider,L. Bocchi,N. Ehrenschneider,682,10101,men:api:682,men:api:10101,men:sackmann:200595,men:sackmann:209510,1.72,loss,-0.75,0.75
2026-05-08,men,atp,Rome,ATP Rome - 1/32-finals,L. Tien - D. Dzumhur,D. Dzumhur,L. Tien,1079,10520,men:api:1079,men:api:10520,men:sackmann:106000,men:sackmann:210530,2.42,loss,-1.25,1.25
2026-05-08,men,itf,M15 Monastir 17,M15 Monastir 17 - Quarter-finals,M. Chazal - L. Wiedenmann,L. Wiedenmann,M. Chazal,38169,1332,men:api:38169,men:api:1332,men:sackmann:211594,men:sackmann:106172,1.91,loss,-1.0,1.0
2026-05-08,men,challenger,Santos,Santos - Quarter-finals,M. Pucinelli de Almeida - M. Tobon,M. Tobon,M. Pucinelli de Almeida,34386,1743,men:api:34386,men:api:1743,men:sackmann:101495,men:sackmann:207799,2.83,loss,-1.25,1.25
2026-05-08,men,atp,Rome,ATP Rome - 1/32-finals,S. Baez - A. Bublik,S. Baez,A. Bublik,1101,1895,men:api:1101,men:api:1895,men:sackmann:202104,men:sackmann:122330,2.35,loss,-1.0,1.0
2026-05-08,men,atp,Rome,ATP Rome - 1/32-finals,Y. Hanfmann - L. Darderi,Y. Hanfmann,L. Darderi,1764,8781,men:api:1764,men:api:8781,men:sackmann:105870,men:sackmann:209260,2.44,loss,-1.25,1.25
2026-05-08,women,itf,W75 Saint-Gaudens,W75 Saint-Gaudens - Quarter-finals,A. Lazaro Garcia - T. Kostovic,A. Lazaro Garcia,T. Kostovic,1117,52707,women:api:1117,women:api:52707,women:sackmann:210622,women:sackmann:267439,2.2,win,1.5,1.25
2026-05-08,women,wta,Rome,WTA Rome - 1/32-finals,E. Alexandrova - L. Siegemund,L. Siegemund,E. Alexandrova,464,2392,women:api:464,women:api:2392,women:sackmann:201696,women:sackmann:206420,2.14,win,1.425,1.25
2026-05-08,women,itf,W15 Beograd (Serbia),W15 Beograd - Quarter-finals,G. Ivanovic - A. Senica,G. Ivanovic,A. Senica,84069,59689,women:api:84069,women:api:59689,women:sackmann:270115,women:sackmann:263808,2.21,loss,-1.25,1.25
2026-05-08,women,challenger,Jiujiang (China) - Qualification,Jiujiang - Quarter-finals,H. Watson - X. You,X. You,H. Watson,1819,1155,women:api:1819,women:api:1155,women:sackmann:214646,women:sackmann:201586,2.4,win,2.1,1.5
2026-05-08,women,itf,W35 Nottingham 2,W35 Nottingham 2 - Quarter-finals,J. Otzipka - A. Lukosiute,J. Otzipka,A. Lukosiute,51326,11326,women:api:51326,women:api:11326,women:sackmann:260445,women:sackmann:221497,2.28,win,1.6,1.25
2026-05-08,women,wta,Rome,WTA Rome - 1/32-finals,Ka. Pliskova - J. Cristian,Ka. Pliskova,J. Cristian,517,33659,women:api:517,women:api:33659,women:sackmann:201662,women:sackmann:211713,1.79,win,0.79,1.0
2026-05-08,women,challenger,Istanbul (Turkey) - Qualification,Istanbul - Quarter-finals,L. Pigossi - G. Maristany,L. Pigossi,G. Maristany,1125,142,women:api:1125,women:api:142,women:sackmann:206007,women:sackmann:215571,2.3,loss,-1.25,1.25
2026-05-08,women,itf,W100 Indian Harbour Beach,"W100 Indian Harbour Beach, FL - Quarter-finals",L. Romero Gormaz - J. Riera,J. Riera,L. Romero Gormaz,2281,141,women:api:2281,women:api:141,women:sackmann:220699,women:sackmann:220742,2.32,win,1.65,1.25
2026-05-08,women,wta,Rome,WTA Rome - 1/32-finals,L. Samsonova - A. Li,A. Li,L. Samsonova,2997,68376,women:api:2997,women:api:68376,women:sackmann:215983,women:sackmann:214643,2.22,loss,-1.5,1.5
2026-05-08,women,itf,W50 Lopota,W50 Lopota - Quarter-finals,M. Golovina - C. Ansari,M. Golovina,C. Ansari,51418,40166,women:api:51418,women:api:40166,women:sackmann:261015,women:sackmann:258199,2.1,loss,-1.25,1.25
2026-05-09,men,atp,Rome,ATP Rome - 1/32-finals,B. Nakashima - R. Bautista-Agut,R. Bautista-Agut,B. Nakashima,2734,2838,men:api:2734,men:api:2838,men:sackmann:105138,men:sackmann:206909,2.63,loss,-1.25,1.25
2026-05-09,men,itf,M25 Nottingham 2,M25 Nottingham 2 - Semi-finals,B. Shick - M. Jones,M. Jones,B. Shick,14087,37912,men:api:14087,men:api:37912,men:sackmann:207404,men:sackmann:211711,2.5,loss,-1.25,1.25
2026-05-09,men,atp,Rome,ATP Rome - 1/32-finals,C. Garin - A. Davidovich Fokina,C. Garin,A. Davidovich Fokina,2071,2842,men:api:2071,men:api:2842,men:sackmann:106426,men:sackmann:200221,2.42,loss,-1.25,1.25
2026-05-09,men,atp,Rome,ATP Rome - 1/32-finals,C. Moutet - P. Llamas Ruiz,P. Llamas Ruiz,C. Moutet,987,2674,men:api:987,men:api:2674,men:sackmann:208010,men:sackmann:144895,2.23,win,1.845,1.5
2026-05-09,men,atp,Rome,ATP Rome - 1/32-finals,F. Auger-Aliassime - M. Navone,M. Navone,F. Auger-Aliassime,949,2073,men:api:949,men:api:2073,men:sackmann:208363,men:sackmann:200000,2.61,win,2.0125,1.25
2026-05-09,men,atp,Rome,ATP Rome - 1/32-finals,F. Tiafoe - I. Buse,F. Tiafoe,I. Buse,2846,9514,men:api:2846,men:api:9514,men:sackmann:126207,men:sackmann:209860,2.5,win,1.875,1.25
2026-05-09,men,atp,Rome,ATP Rome - 1/32-finals,H. Medjedovic - J. Fonseca,H. Medjedovic,J. Fonseca,2677,40058,men:api:2677,men:api:40058,men:sackmann:209098,men:sackmann:211663,2.68,win,2.1,1.25
2026-05-09,men,itf,M25 Villa Maria (Argentina),M25 Villa Maria - Semi-finals,J. Estevez - G. Villanueva,J. Estevez,G. Villanueva,54079,5181,men:api:54079,men:api:5181,men:sackmann:211661,men:sackmann:106380,1.76,loss,-1.0,1.0
2026-05-09,men,challenger,Santos,Santos - Semi-finals,M. Pucinelli de Almeida - F. Roncadelli,F. Roncadelli,M. Pucinelli de Almeida,823,1743,men:api:823,men:api:1743,men:sackmann:208364,men:sackmann:207799,2.71,win,2.1375,1.25
2026-05-09,men,itf,M15 Hurghada 4 (Egypt),M15 Hurghada 4 - Semi-finals,N. Hipfl - N. Ehrenschneider,N. Ehrenschneider,N. Hipfl,10101,69921,men:api:10101,men:api:69921,men:sackmann:209510,men:sackmann:211503,2.1,loss,-1.25,1.25
2026-05-09,men,atp,Rome,ATP Rome - 1/32-finals,T. A. Tirante - C. Norrie,T. A. Tirante,C. Norrie,366,1103,men:api:366,men:api:1103,men:sackmann:202058,men:sackmann:111815,2.38,win,2.07,1.5
2026-05-09,men,itf,M25 Loule,M25 Loule - Semi-finals,T. Pereira - T. Torres,T. Torres,T. Pereira,14435,4077,men:api:14435,men:api:4077,men:sackmann:208426,men:sackmann:211500,2.4,loss,-1.25,1.25
2026-05-09,women,itf,W15 Hurghada 4 (Egypt),W15 Hurghada 4 - Semi-finals,E. Tupitsyna - L. Alhussein,E. Tupitsyna,L. Alhussein,81408,13865,women:api:81408,women:api:13865,women:sackmann:270065,women:sackmann:213974,2.63,win,1.63,1.0
2026-05-09,women,itf,W35 Fukuoka,W35 Fukuoka - Semi-finals,K. Swan - V. Ryser,V. Ryser,K. Swan,101,1129,women:api:101,women:api:1129,women:sackmann:220489,women:sackmann:215042,2.25,loss,-1.25,1.25
2026-05-09,women,itf,W15 Nakhon Pathom 2,W15 Nakhon Pathom 2 - Semi-finals,K. Yodpetch - L. Yuhan,L. Yuhan,K. Yodpetch,90141,27706,women:api:90141,women:api:27706,women:sackmann:221463,women:sackmann:259907,2.5,win,1.875,1.25
2026-05-09,women,wta,Rome,WTA Rome - 1/16-finals,Q. Zheng - J. Ostapenko,J. Ostapenko,Q. Zheng,2802,1813,women:api:2802,women:api:1813,women:sackmann:211533,women:sackmann:221012,2.7,win,1.275,0.75
2026-05-09,women,wta,Rome,WTA Rome - 1/16-finals,T. Townsend - I. Jovic,T. Townsend,I. Jovic,3214,58226,women:api:3214,women:api:58226,women:sackmann:203501,women:sackmann:260300,2.14,loss,-1.5,1.5
2026-05-10,men,atp,Rome,ATP Rome - 1/16-finals,K. Khachanov - B. Van De Zandschulp,B. Van De Zandschulp,K. Khachanov,2972,435,men:api:2972,men:api:435,men:sackmann:122298,men:sackmann:111575,2.25,loss,-1.5,1.5
2026-05-10,men,itf,M15 Hurghada 4 (Egypt),M15 Hurghada 4 - Final,L. Rossi - N. Hipfl,L. Rossi,N. Hipfl,37988,69921,men:api:37988,men:api:69921,men:sackmann:210223,men:sackmann:211503,1.85,win,1.0625,1.25
2026-05-10,men,atp,Rome,ATP Rome - 1/16-finals,L. Tien - A. Bublik,L. Tien,A. Bublik,10520,1895,men:api:10520,men:api:1895,men:sackmann:210530,men:sackmann:122330,2.82,win,2.275,1.25
2026-05-10,men,itf,M15 Monastir 17,M15 Monastir 17 - Final,M. Chazal - J. Bradshaw,J. Bradshaw,M. Chazal,37971,1332,men:api:37971,men:api:1332,men:sackmann:210553,men:sackmann:106172,2.3,win,1.625,1.25
2026-05-10,men,qualifying,Zagreb,Zagreb - Semi-finals,N. Gombos - T. Zink,T. Zink,N. Gombos,2214,397,men:api:2214,men:api:397,men:sackmann:208342,men:sackmann:105613,2.37,win,1.7125,1.25
2026-05-10,men,qualifying,Tunis,Tunis - Semi-finals,R. Bertrand - M. Vrbensky,R. Bertrand,M. Vrbensky,808,1947,men:api:808,men:api:1947,men:sackmann:209850,men:sackmann:202398,1.71,loss,-0.75,0.75
2026-05-10,men,atp,Rome,ATP Rome - 1/16-finals,T. Paul - L. Darderi,T. Paul,L. Darderi,1894,8781,men:api:1894,men:api:8781,men:sackmann:126205,men:sackmann:209260,1.78,loss,-1.0,1.0
2026-05-10,men,itf,M25 Loule,M25 Loule - Final,T. Pereira - J. Domingues,J. Domingues,T. Pereira,561,4077,men:api:561,men:api:4077,men:sackmann:106249,men:sackmann:211500,2.8,loss,-1.0,1.0
2026-05-10,men,challenger,Wuxi,Wuxi - Final,Y. Bu - S. Kwon,S. Kwon,Y. Bu,1098,796,men:api:1098,men:api:796,men:sackmann:126952,men:sackmann:207352,1.93,win,0.6975,0.75
2026-05-10,women,challenger,Istanbul (Turkey) - Qualification,Istanbul - Final,D. Vekic - M. Timofeeva,M. Timofeeva,D. Vekic,12869,455,women:api:12869,women:api:455,women:sackmann:221237,women:sackmann:202499,2.85,win,2.3125,1.25
2026-05-10,women,wta,Rome,WTA Rome - 1/16-finals,L. Siegemund - Ka. Pliskova,Ka. Pliskova,L. Siegemund,517,464,women:api:517,women:api:464,women:sackmann:201662,women:sackmann:201696,1.89,win,0.89,1.0
2026-05-10,women,wta,Rome,WTA Rome - 1/16-finals,N. Osaka - D. Shnaider,N. Osaka,D. Shnaider,2685,7403,women:api:2685,women:api:7403,women:sackmann:211768,women:sackmann:223670,2.03,win,1.03,1.0
2026-05-11,men,atp,Rome,ATP Rome - 1/16-finals,A. Rublev - A. Davidovich Fokina,A. Rublev,A. Davidovich Fokina,2847,2842,men:api:2847,men:api:2842,men:sackmann:126094,men:sackmann:200221,1.7,win,0.7,1.0
2026-05-11,men,atp,Rome,ATP Rome - 1/16-finals,B. Nakashima - N. Basilashvili,N. Basilashvili,B. Nakashima,424,2838,men:api:424,men:api:2838,men:sackmann:105932,men:sackmann:206909,2.6,win,2.0,1.25
2026-05-11,men,atp,Rome,ATP Rome - 1/16-finals,M. Bellucci - M. Landaluce,M. Landaluce,M. Bellucci,39864,2112,men:api:39864,men:api:2112,men:sackmann:212021,men:sackmann:208233,1.96,win,0.96,1.0
2026-05-11,men,qualifying,Valencia,Valencia - Semi-finals,R. Bertola - C. Sanchez Jover,C. Sanchez Jover,R. Bertola,584,1212,men:api:584,men:api:1212,men:sackmann:202199,men:sackmann:200329,2.54,win,1.155,0.75
2026-05-11,men,qualifying,Bordeaux,Bordeaux - Semi-finals,S. Nagal - P. Herbert,P. Herbert,S. Nagal,1748,1077,men:api:1748,men:api:1077,men:sackmann:105732,men:sackmann:111576,2.05,loss,-1.25,1.25
2026-05-11,women,qualifying,Paris,Paris - Final,A. Charaeva - A. Tubello,A. Tubello,A. Charaeva,7522,13421,women:api:7522,women:api:13421,women:sackmann:220554,women:sackmann:221406,2.47,loss,-1.25,1.25
2026-05-11,women,wta,Rome,WTA Rome - 1/8-finals,J. Pegula - A. Potapova,A. Potapova,J. Pegula,457,2171,women:api:457,women:api:2171,women:sackmann:215713,women:sackmann:202468,2.76,loss,-1.25,1.25
2026-05-12,men,itf,M25 Reggio Emilia,M25 Reggio Emilia - 1/16-finals,G. Oradini - T. Compagnucci,G. Oradini,T. Compagnucci,862,851,men:api:862,men:api:851,men:sackmann:132831,men:sackmann:209864,2.27,loss,-1.25,1.25
2026-05-12,men,itf,M25 Reggio Emilia,M25 Reggio Emilia - 1/16-finals,G. Piraino - P. Basile,P. Basile,G. Piraino,69812,1245,men:api:69812,men:api:1245,men:sackmann:213003,men:sackmann:210042,2.5,loss,-1.25,1.25
2026-05-12,men,challenger,Tunis,Tunis - 1/16-finals,I. Simakin - L. Lokoli,I. Simakin,L. Lokoli,1238,1076,men:api:1238,men:api:1076,men:sackmann:209899,men:sackmann:106362,2.5,loss,-1.25,1.25
2026-05-12,men,challenger,Tunis,Tunis - 1/16-finals,J. Clarke - M. Echargui,J. Clarke,M. Echargui,1739,1207,men:api:1739,men:api:1207,men:sackmann:126652,men:sackmann:121411,1.7,win,0.525,0.75
2026-05-12,men,itf,M25 Reggio Emilia,M25 Reggio Emilia - 1/16-finals,J. Kovalik - F. Bondioli,J. Kovalik,F. Bondioli,1065,37892,men:api:1065,men:api:37892,men:sackmann:106075,men:sackmann:210682,2.5,loss,-1.25,1.25
2026-05-12,men,challenger,Oeiras 6,Oeiras 6 - 1/16-finals,L. Djere - G. Heide,G. Heide,L. Djere,2410,2386,men:api:2410,men:api:2386,men:sackmann:208361,men:sackmann:111513,2.38,loss,-1.25,1.25
2026-05-12,men,itf,M15 Maringá (Brazil),M15 Maringá - 1/16-finals,N. Garcia Longo - G. Schenekenberg,N. Garcia Longo,G. Schenekenberg,55063,39170,men:api:55063,men:api:39170,men:sackmann:212834,men:sackmann:211662,1.84,win,0.84,1.0
2026-05-12,men,challenger,Bengaluru 2,Bengaluru 2 - 1/16-finals,R. Matsuda - C. Papa,C. Papa,R. Matsuda,54742,793,men:api:54742,men:api:793,men:sackmann:208855,men:sackmann:207987,2.5,win,1.875,1.25
2026-05-12,men,atp,Rome,ATP Rome - 1/8-finals,T. A. Tirante - D. Medvedev,T. A. Tirante,D. Medvedev,366,1093,men:api:366,men:api:1093,men:sackmann:202058,men:sackmann:106421,2.38,loss,-1.5,1.5
2026-05-12,men,challenger,Oeiras 6,Oeiras 6 - 1/16-finals,Z. Kolar - Z. Zhang,Z. Kolar,Z. Zhang,384,590,men:api:384,men:api:590,men:sackmann:144645,men:sackmann:111190,2.1,win,1.375,1.25
2026-05-12,women,challenger,Paris,Paris - 1/16-finals,S. Zhang - H. Sakatsume,H. Sakatsume,S. Zhang,115,1825,women:api:115,women:api:1825,women:sackmann:221124,women:sackmann:201533,2.62,loss,-1.25,1.25
2026-05-12,women,challenger,Parma,Parma - 1/16-finals,Y. Yuan - M. Sherif,Y. Yuan,M. Sherif,1112,510,women:api:1112,women:api:510,women:sackmann:206294,women:sackmann:210886,2.2,loss,-1.25,1.25
2026-05-12,women,challenger,Parma,Parma - 1/16-finals,Z. Kulambayeva - A-L. Friedsam,Z. Kulambayeva,A-L. Friedsam,14355,522,women:api:14355,women:api:522,women:sackmann:214992,women:sackmann:204431,2.55,loss,-1.25,1.25
2026-05-13,men,challenger,Valencia,Valencia - 1/16-finals,D. Dzumhur - A. Sanchez Quilez,A. Sanchez Quilez,D. Dzumhur,52692,1079,men:api:52692,men:api:1079,men:sackmann:211639,men:sackmann:106000,2.68,loss,-1.25,1.25
2026-05-13,men,challenger,Tunis,Tunis - 1/8-finals,G. Den Ouden - D. Blanch,D. Blanch,G. Den Ouden,1314,1935,men:api:1314,men:api:1935,men:sackmann:209898,men:sackmann:209911,2.59,win,1.9875,1.25
2026-05-13,men,challenger,Cordoba 2,Cordoba - 1/8-finals,G. I. Justo - L. E. Ambrogi,L. E. Ambrogi,G. I. Justo,14270,7249,men:api:14270,men:api:7249,men:sackmann:210377,men:sackmann:207815,2.1,loss,-1.0,1.0
2026-05-13,men,challenger,Bordeaux,Bordeaux - 1/16-finals,M. Damm - G. Dimitrov,M. Damm,G. Dimitrov,1317,2384,men:api:1317,men:api:2384,men:sackmann:102093,men:sackmann:105777,2.32,win,1.65,1.25
2026-05-13,men,challenger,Zagreb,Zagreb - 1/16-finals,M. Dodig - A. Holmgren,M. Dodig,A. Holmgren,28615,19536,men:api:28615,men:api:19536,men:sackmann:212063,men:sackmann:200416,2.1,loss,-1.0,1.0
2026-05-13,men,challenger,Valencia,Valencia - 1/16-finals,N. Budkov Kjaer - M. Kecmanovic,N. Budkov Kjaer,M. Kecmanovic,55163,2848,men:api:55163,men:api:2848,men:sackmann:149282,men:sackmann:200175,2.37,loss,-1.5,1.5
2026-05-13,men,itf,M15 Prijedor,M15 Prijedor - 1/16-finals,N. Guttau - L. Comino,L. Comino,N. Guttau,80521,6023,men:api:80521,men:api:6023,men:sackmann:213772,men:sackmann:207408,1.87,win,0.6525,0.75
2026-05-13,men,challenger,Bordeaux,Bordeaux - 1/16-finals,O. Virtanen - G. Mpetshi Perricard,O. Virtanen,G. Mpetshi Perricard,767,9222,men:api:767,men:api:9222,men:sackmann:202261,men:sackmann:208659,2.05,loss,-1.25,1.25
2026-05-13,men,challenger,Valencia,Valencia - 1/16-finals,R. Bautista-Agut - P. Martinez,R. Bautista-Agut,P. Martinez,2734,1775,men:api:2734,men:api:1775,men:sackmann:105138,men:sackmann:124079,1.91,win,0.91,1.0
2026-05-13,men,challenger,Zagreb,Zagreb - 1/16-finals,S. Dostanic - C. Rodesch,S. Dostanic,C. Rodesch,37907,5980,men:api:37907,men:api:5980,men:sackmann:207969,men:sackmann:208210,2.75,loss,-1.25,1.25
2026-05-13,men,challenger,Oeiras 6,Oeiras 6 - 1/8-finals,T. Barrios Vera - N. Basavareddy,N. Basavareddy,T. Barrios Vera,15270,396,men:api:15270,men:api:396,men:sackmann:210460,men:sackmann:144642,2.52,loss,-1.25,1.25
2026-05-13,men,challenger,Zagreb,Zagreb - 1/16-finals,T. Seyboth Wild - D. E. Galan,D. E. Galan,T. Seyboth Wild,1735,1086,men:api:1735,men:api:1086,men:sackmann:123755,men:sackmann:205734,2.15,win,1.4375,1.25
2026-05-13,men,itf,M15 Maringá (Brazil),M15 Maringá - 1/16-finals,V. Grippo - M. Del Pino,V. Grippo,M. Del Pino,74381,14275,men:api:74381,men:api:14275,men:sackmann:213201,men:sackmann:210182,2.5,loss,-1.25,1.25
2026-05-13,women,itf,W75 Kurume,W75 Kurume - 1/16-finals,H. Kaji - E. Appleton,E. Appleton,H. Kaji,2598,5088,women:api:2598,women:api:5088,women:sackmann:215431,women:sackmann:211844,1.88,loss,-0.75,0.75
2026-05-13,women,challenger,Parma,Parma - 1/8-finals,H. Vandewinkel - D. Yastremska,H. Vandewinkel,D. Yastremska,9254,2813,women:api:9254,women:api:2813,women:sackmann:243420,women:sackmann:215035,2.3,loss,-1.5,1.5
2026-05-13,women,itf,W75 Zagreb,W75 Zagreb - 1/16-finals,L. Boskovic - I. Burillo Escorihuela,I. Burillo Escorihuela,L. Boskovic,1907,161,women:api:1907,women:api:161,women:sackmann:213706,women:sackmann:214521,1.9,loss,-1.0,1.0
2026-05-13,women,itf,W75 Zagreb,W75 Zagreb - 1/16-finals,T. Lukas - J. Garland,T. Lukas,J. Garland,1438,1962,women:api:1438,women:api:1962,women:sackmann:211329,women:sackmann:220466,2.09,win,1.09,1.0
2026-05-14,men,challenger,Valencia,Valencia - 1/8-finals,C. Ugo Carabelli - M. Berrettini,C. Ugo Carabelli,M. Berrettini,401,2844,men:api:401,men:api:2844,men:sackmann:200116,men:sackmann:126610,2.5,win,1.125,0.75
2026-05-14,men,challenger,Tunis,Tunis - Quarter-finals,D. Blanch - J. Clarke,D. Blanch,J. Clarke,1314,1739,men:api:1314,men:api:1739,men:sackmann:209898,men:sackmann:126652,2.43,win,1.7875,1.25
2026-05-14,men,challenger,Cordoba 2,Cordoba - Quarter-finals,F. Roncadelli - N. Kicker,F. Roncadelli,N. Kicker,823,1756,men:api:823,men:api:1756,men:sackmann:208364,men:sackmann:106044,1.9,win,1.125,1.25
2026-05-14,men,challenger,Cordoba 2,Cordoba - Quarter-finals,G. I. Justo - E. Ribeiro,G. I. Justo,E. Ribeiro,7249,6712,men:api:7249,men:api:6712,men:sackmann:207815,men:sackmann:200495,1.75,win,0.75,1.0
2026-05-14,men,challenger,Zagreb,Zagreb - 1/8-finals,J. Choinski - D. E. Galan,D. E. Galan,J. Choinski,1735,5979,men:api:1735,men:api:5979,men:sackmann:123755,men:sackmann:123828,2.26,loss,-1.5,1.5
2026-05-14,men,itf,M25 Louny (Czech Republic),M25 Louny - 1/8-finals,K. Filar - G. Kravchenko,K. Filar,G. Kravchenko,15548,2106,men:api:15548,men:api:2106,men:sackmann:212190,men:sackmann:206662,2.7,loss,-1.25,1.25
2026-05-14,men,challenger,Bengaluru 2,Bengaluru 2 - Quarter-finals,K. Smith - O. Milic,O. Milic,K. Smith,52882,6011,men:api:52882,men:api:6011,men:sackmann:212207,men:sackmann:202333,2.05,loss,-1.25,1.25
2026-05-14,men,challenger,Valencia,Valencia - 1/8-finals,L. Riedi - M. Kecmanovic,L. Riedi,M. Kecmanovic,1092,2848,men:api:1092,men:api:2848,men:sackmann:209857,men:sackmann:200175,2.51,loss,-1.25,1.25
2026-05-14,men,challenger,Valencia,Valencia - 1/8-finals,S. Baez - P. Carreno-Busta,P. Carreno-Busta,S. Baez,434,1101,men:api:434,men:api:1101,men:sackmann:105807,men:sackmann:202104,2.23,win,1.845,1.5
2026-05-14,men,itf,M15 Andong,M15 Andong - 1/8-finals,S. Hazawa - K. Saitoh,S. Hazawa,K. Saitoh,744,1326,men:api:744,men:api:1326,men:sackmann:206923,men:sackmann:208861,2.1,loss,-1.25,1.25
2026-05-14,men,challenger,Bordeaux,Bordeaux - 1/8-finals,T. Droguet - T. Atmane,T. Droguet,T. Atmane,8926,13091,men:api:8926,men:api:13091,men:sackmann:208169,men:sackmann:209279,1.93,win,1.395,1.5
2026-05-14,men,itf,M15 Gaborone (Botswana),M15 Gaborone - 1/8-finals,U. Kamboj - G. Voelzke,G. Voelzke,U. Kamboj,83187,77031,men:api:83187,men:api:77031,men:sackmann:213882,men:sackmann:213648,2.3,loss,-1.25,1.25
2026-05-14,women,itf,W35 Bastad,W35 Bastad - 1/16-finals,C. Martinez Cirez - Y. Kotliar,Y. Kotliar,C. Martinez Cirez,38883,144,women:api:38883,women:api:144,women:sackmann:245077,women:sackmann:220781,2.37,win,2.055,1.5
2026-05-14,women,challenger,Paris,Paris - 1/8-finals,D. Parry - C. Paquet,C. Paquet,D. Parry,1142,1833,women:api:1142,women:api:1833,women:sackmann:203564,women:sackmann:220348,2.8,loss,-1.25,1.25
2026-05-14,women,challenger,Paris,Paris - 1/8-finals,E. Navarro - K. Volynets,K. Volynets,E. Navarro,2826,2823,women:api:2826,women:api:2823,women:sackmann:220465,women:sackmann:215613,2.02,win,1.275,1.25
2026-05-14,women,challenger,Parma,Parma - Quarter-finals,S. Sierra - D. Yastremska,S. Sierra,D. Yastremska,140,2813,women:api:140,women:api:2813,women:sackmann:221333,women:sackmann:215035,1.93,loss,-1.5,1.5
2026-05-14,women,itf,W35 Andong,W35 Andong - 1/8-finals,V. Chaudhari - S. Hosogi,V. Chaudhari,S. Hosogi,13982,1399,women:api:13982,women:api:1399,women:sackmann:214418,women:sackmann:220718,2.25,win,1.5625,1.25
2026-05-15,men,challenger,Bordeaux,Bordeaux - Quarter-finals,A. Molcan - T. Griekspoor,A. Molcan,T. Griekspoor,436,427,men:api:436,men:api:427,men:sackmann:144684,men:sackmann:134868,1.83,loss,-1.25,1.25
2026-05-15,men,challenger,Bordeaux,Bordeaux - 1/8-finals,A. Rinderknech - M. Damm,M. Damm,A. Rinderknech,1317,1902,men:api:1317,men:api:1902,men:sackmann:102093,men:sackmann:126239,2.75,win,2.1875,1.25
2026-05-15,men,challenger,Valencia,Valencia - Quarter-finals,C. Ugo Carabelli - M. Kecmanovic,C. Ugo Carabelli,M. Kecmanovic,401,2848,men:api:401,men:api:2848,men:sackmann:200116,men:sackmann:200175,2.28,loss,-1.25,1.25
2026-05-15,men,itf,M15 Prijedor,M15 Prijedor - Quarter-finals,D. Obradovic - A. Boros,A. Boros,D. Obradovic,13823,941,men:api:13823,men:api:941,men:sackmann:210236,men:sackmann:207708,2.62,win,2.025,1.25
2026-05-15,men,challenger,Valencia,Valencia - Quarter-finals,D. Vallejo - Z. Bergs,D. Vallejo,Z. Bergs,9217,1064,men:api:9217,men:api:1064,men:sackmann:209226,men:sackmann:200267,1.75,win,0.75,1.0
2026-05-15,men,itf,M25 Reggio Emilia,M25 Reggio Emilia - Quarter-finals,G. Piraino - F. Bondioli,G. Piraino,F. Bondioli,1245,37892,men:api:1245,men:api:37892,men:sackmann:210042,men:sackmann:210682,2.25,win,0.9375,0.75
2026-05-15,men,challenger,Tunis,Tunis - Semi-finals,K. Coppejans - D. Blanch,D. Blanch,K. Coppejans,1314,1205,men:api:1314,men:api:1205,men:sackmann:209898,men:sackmann:106293,2.38,win,2.07,1.5
2026-05-15,men,itf,M25 Reggio Emilia,M25 Reggio Emilia - Quarter-finals,M. Giunta - T. Compagnucci,M. Giunta,T. Compagnucci,37933,851,men:api:37933,men:api:851,men:sackmann:210668,men:sackmann:209864,2.01,win,1.2625,1.25
2026-05-15,men,itf,M15 Maringá (Brazil),M15 Maringa - Quarter-finals,S. Price - M. Del Pino,S. Price,M. Del Pino,59410,14275,men:api:59410,men:api:14275,men:sackmann:212832,men:sackmann:210182,2.35,win,1.6875,1.25
2026-05-15,men,challenger,Zagreb,Zagreb - Quarter-finals,Z. Piros - L. Neumayer,L. Neumayer,Z. Piros,2022,367,men:api:2022,men:api:367,men:sackmann:209903,men:sackmann:200436,2.1,loss,-1.25,1.25
2026-05-15,women,challenger,Paris,Paris - Quarter-finals,A. Charaeva - A. Sasnovich,A. Charaeva,A. Sasnovich,13421,527,women:api:13421,women:api:527,women:sackmann:221406,women:sackmann:205925,2.14,win,1.71,1.5
2026-05-15,women,itf,W15 Kursumlijska Banja,W15 Kursumlijska Banja - Quarter-finals,A. Lizunova - A. Obradovic,A. Lizunova,A. Obradovic,36989,40062,women:api:36989,women:api:40062,women:sackmann:261073,women:sackmann:239474,2.2,win,1.5,1.25
2026-05-15,women,itf,W35 Andong,W35 Andong - Quarter-finals,H. Chang - S. Lansere,H. Chang,S. Lansere,1128,69,women:api:1128,women:api:69,women:sackmann:213949,women:sackmann:216139,2.1,loss,-1.25,1.25
2026-05-16,men,itf,M25 Hurghada (Egypt),M25 Hurghada - Semi-finals,A. Funk - D. Eichenseher,A. Funk,D. Eichenseher,57709,57708,men:api:57709,men:api:57708,men:sackmann:212630,men:sackmann:212631,1.86,win,0.645,0.75
2026-05-16,men,challenger,Valencia,Valencia - Semi-finals,A. Tabilo - M. Kecmanovic,A. Tabilo,M. Kecmanovic,2982,2848,men:api:2982,men:api:2848,men:sackmann:126214,men:sackmann:200175,1.75,loss,-1.0,1.0
2026-05-16,men,challenger,Valencia,Valencia - Semi-finals,D. Vallejo - J. Munar,D. Vallejo,J. Munar,9217,2083,men:api:9217,men:api:2083,men:sackmann:209226,men:sackmann:144719,1.84,win,1.05,1.25
2026-05-16,men,qualifying,Geneva,ATP Geneva - Semi-finals,E. Butvilas - A. Muller,E. Butvilas,A. Muller,9362,374,men:api:9362,men:api:374,men:sackmann:210220,men:sackmann:124186,2.5,win,1.875,1.25
2026-05-16,men,itf,M25 Louny (Czech Republic),M25 Louny - Semi-finals,F. C. Jianu - J. Nicod,J. Nicod,F. C. Jianu,2516,576,men:api:2516,men:api:576,men:sackmann:210556,men:sackmann:202262,2.62,loss,-1.25,1.25
2026-05-16,men,itf,M15 Monastir 18,M15 Monastir 18 - Quarter-finals,G. Misasi - J. Eriksson Ziverts,G. Misasi,J. Eriksson Ziverts,21354,37917,men:api:21354,men:api:37917,men:sackmann:208401,men:sackmann:200419,2.39,loss,-1.25,1.25
2026-05-16,men,itf,M15 Nakhon Pathom,M15 Nakhon Pathom - Semi-finals,K. Samrej - A. Shepp,K. Samrej,A. Shepp,10124,56171,men:api:10124,men:api:56171,men:sackmann:208937,men:sackmann:209394,1.89,loss,-1.0,1.0
2026-05-16,men,itf,M25 Reggio Emilia,M25 Reggio Emilia - Semi-finals,M. Mazza - G. Piraino,M. Mazza,G. Piraino,695,1245,men:api:695,men:api:1245,men:sackmann:207601,men:sackmann:210042,2.28,loss,-1.25,1.25
2026-05-16,men,qualifying,Hamburg,ATP Hamburg - Semi-finals,M. Topo - H. Gaston,M. Topo,H. Gaston,833,1102,men:api:833,men:api:1102,men:sackmann:209916,men:sackmann:200384,2.82,loss,-1.25,1.25
2026-05-16,men,qualifying,Geneva,ATP Geneva - Semi-finals,R. Brancaccio - T. Zink,T. Zink,R. Brancaccio,2214,1873,men:api:2214,men:api:1873,men:sackmann:208342,men:sackmann:134840,2.37,loss,-1.25,1.25
2026-05-16,men,qualifying,Hamburg,ATP Hamburg - Semi-finals,R. Hijikata - T. Daniel,T. Daniel,R. Hijikata,2406,3317,men:api:2406,men:api:3317,men:sackmann:106121,men:sackmann:208014,2.63,loss,-1.25,1.25
2026-05-16,men,itf,M15 Gaborone (Botswana),M15 Gaborone - Semi-finals,R. Piatti - C. Bittoun,R. Piatti,C. Bittoun,39914,13283,men:api:39914,men:api:13283,men:sackmann:211497,men:sackmann:144970,2.77,loss,-1.25,1.25
2026-05-16,men,challenger,Tunis,Tunis - Final,T. Boyer - D. Blanch,D. Blanch,T. Boyer,1314,9037,men:api:1314,men:api:9037,men:sackmann:209898,men:sackmann:207729,1.88,loss,-1.0,1.0
2026-05-16,men,qualifying,Geneva,ATP Geneva - Semi-finals,Z. Svajda - M. H. Rehberg,M. H. Rehberg,Z. Svajda,3604,2986,men:api:3604,men:api:2986,men:sackmann:208819,men:sackmann:208260,2.12,win,1.4,1.25
2026-05-16,women,wta,Rome,WTA Rome - Final,C. Gauff - E. Svitolina,E. Svitolina,C. Gauff,2816,2176,women:api:2816,women:api:2176,women:sackmann:202494,women:sackmann:221103,2.38,win,1.035,0.75
2026-05-16,women,challenger,Parma,Parma - Semi-finals,D. Yastremska - J. Bouzas Maneiro,J. Bouzas Maneiro,D. Yastremska,154,2813,women:api:154,women:api:2813,women:sackmann:222601,women:sackmann:215035,2.2,loss,-1.5,1.5
2026-05-16,women,itf,W15 Klagenfurt (Austria),W15 Klagenfurt - Semi-finals,M. Colmegna - K. Tsygourova,K. Tsygourova,M. Colmegna,23388,1348,women:api:23388,women:api:1348,women:sackmann:216173,women:sackmann:211820,1.95,loss,-1.0,1.0
2026-05-16,women,qualifying,Strasbourg,WTA Strasbourg - Semi-finals,M. Kessler - R. Zarazua,R. Zarazua,M. Kessler,1805,22072,women:api:1805,women:api:22072,women:sackmann:213887,women:sackmann:220520,2.5,loss,-1.25,1.25
2026-05-16,women,itf,W15 Klagenfurt (Austria),W15 Klagenfurt - Semi-finals,P. Lovric - C. Gennaro,C. Gennaro,P. Lovric,15629,11488,women:api:15629,women:api:11488,women:sackmann:239453,women:sackmann:222458,2.44,loss,-1.25,1.25
2026-05-17,men,qualifying,Istanbul (Turkey) - Qualification,Istanbul - Semi-finals,A. Matusevich - E. Kirkin,A. Matusevich,E. Kirkin,6886,1863,men:api:6886,men:api:1863,men:sackmann:207760,men:sackmann:144985,1.69,win,0.5175,0.75
2026-05-17,men,itf,M25 Louny (Czech Republic),M25 Louny - Final,F. C. Jianu - L. Marmousez,L. Marmousez,F. C. Jianu,835,576,men:api:835,men:api:576,men:sackmann:208421,men:sackmann:202262,2.15,loss,-1.25,1.25
2026-05-17,men,challenger,Zagreb,Zagreb - Semi-finals,J. Choinski - A. Fery,A. Fery,J. Choinski,8174,5979,men:api:8174,men:api:5979,men:sackmann:209259,men:sackmann:123828,2.25,loss,-1.25,1.25
2026-05-17,men,challenger,Valencia,Valencia - Final,M. Kecmanovic - D. Vallejo,D. Vallejo,M. Kecmanovic,9217,2848,men:api:9217,men:api:2848,men:sackmann:209226,men:sackmann:200175,2.76,loss,-1.25,1.25
2026-05-17,men,qualifying,Bengaluru 3 (India) - Qualification,Bengaluru 3 - Semi-finals,Y. Kawahashi - R. Taguchi,Y. Kawahashi,R. Taguchi,10335,38831,men:api:10335,men:api:38831,men:sackmann:200665,men:sackmann:211774,2.32,loss,-1.25,1.25
2026-05-17,women,qualifying,Rabat,WTA Rabat - Final,F. Ferro - E. Avanesyan,E. Avanesyan,F. Ferro,1810,526,women:api:1810,women:api:526,women:sackmann:220589,women:sackmann:211539,2.13,loss,-1.0,1.0
2026-05-18,men,qualifying,French Open,ATP French Open - Quarter-finals,A. Barrena - A. Galarneau,A. Galarneau,A. Barrena,557,1324,men:api:557,men:api:1324,men:sackmann:200008,men:sackmann:209875,2.49,win,1.8625,1.25
2026-05-18,men,qualifying,French Open,ATP French Open - Quarter-finals,A. Moro Canas - S. Napolitano,S. Napolitano,A. Moro Canas,3915,1331,men:api:3915,men:api:1331,men:sackmann:109303,men:sackmann:208279,2.03,loss,-1.0,1.0
2026-05-18,men,qualifying,French Open,ATP French Open - Quarter-finals,B. Tomic - M. Echargui,B. Tomic,M. Echargui,3145,1207,men:api:3145,men:api:1207,men:sackmann:106071,men:sackmann:121411,2.38,win,1.725,1.25
2026-05-18,men,qualifying,French Open,ATP French Open - Quarter-finals,D. Evans - D. Jade,D. Evans,D. Jade,2835,63427,men:api:2835,men:api:63427,men:sackmann:105554,men:sackmann:212711,2.38,loss,-1.25,1.25
2026-05-18,men,qualifying,French Open,ATP French Open - Quarter-finals,G. Bueno - F. Bax,F. Bax,G. Bueno,2105,9209,men:api:2105,men:api:9209,men:sackmann:202147,men:sackmann:208293,2.4,loss,-1.0,1.0
2026-05-18,men,qualifying,French Open,ATP French Open - Quarter-finals,J. Reis Da Silva - C. Hemery,C. Hemery,J. Reis Da Silva,1206,2408,men:api:1206,men:api:2408,men:sackmann:123921,men:sackmann:206307,1.97,loss,-1.0,1.0
2026-05-18,men,atp,Geneva,ATP Geneva - 1/16-finals,L. Sonego - E. Butvilas,E. Butvilas,L. Sonego,9362,2843,men:api:9362,men:api:2843,men:sackmann:210220,men:sackmann:132283,2.3,win,1.95,1.5
2026-05-18,men,qualifying,French Open,ATP French Open - Quarter-finals,V. Sachko - J. Pinnington Jones,V. Sachko,J. Pinnington Jones,1899,1858,men:api:1899,men:api:1858,men:sackmann:126964,men:sackmann:209957,1.9,win,1.125,1.25
2026-05-18,women,qualifying,French Open,WTA French Open - Quarter-finals,L. Klimovicova - L. Radivojevic,L. Klimovicova,L. Radivojevic,8978,1364,women:api:8978,women:api:1364,women:sackmann:221626,women:sackmann:236957,2.33,loss,-1.25,1.25
2026-05-18,women,qualifying,French Open,WTA French Open - Quarter-finals,M. Barthel - A-L. Friedsam,M. Barthel,A-L. Friedsam,171,522,women:api:171,women:api:522,women:sackmann:201621,women:sackmann:204431,1.91,loss,-1.25,1.25
2026-05-18,women,wta,Strasbourg,WTA Strasbourg - 1/16-finals,M. Kessler - J. Cristian,M. Kessler,J. Cristian,22072,33659,women:api:22072,women:api:33659,women:sackmann:220520,women:sackmann:211713,1.95,loss,-1.5,1.5
2026-05-18,women,qualifying,French Open,WTA French Open - Quarter-finals,M. Sherif - A. Lazaro Garcia,A. Lazaro Garcia,M. Sherif,1117,510,women:api:1117,women:api:510,women:sackmann:210622,women:sackmann:210886,2.12,loss,-1.25,1.25
2026-05-18,women,qualifying,French Open,WTA French Open - Quarter-finals,S. Bandecchi - C. Paquet,S. Bandecchi,C. Paquet,484,1142,women:api:484,women:api:1142,women:sackmann:214826,women:sackmann:203564,2.06,win,1.06,1.0
2026-05-19,men,atp,Geneva,ATP Geneva - 1/16-finals,A. Popyrin - C. Tabur,C. Tabur,A. Popyrin,1762,1926,men:api:1762,men:api:1926,men:sackmann:202127,men:sackmann:200615,2.85,loss,-1.25,1.25
2026-05-19,men,qualifying,French Open,ATP French Open - Quarter-finals,C. Smith - A. Guillen Meza,A. Guillen Meza,C. Smith,9230,54466,men:api:9230,men:api:54466,men:sackmann:208223,men:sackmann:212256,2.49,loss,-1.25,1.25
2026-05-19,men,challenger,Bengaluru 3 (India) - Qualification,Bengaluru 3 - 1/16-finals,D. Palan - K. Isomura,D. Palan,K. Isomura,741,9226,men:api:741,men:api:9226,men:sackmann:208158,men:sackmann:210121,2.1,win,1.65,1.5
2026-05-19,men,qualifying,French Open,ATP French Open - Quarter-finals,E. Nava - Y. Bu,Y. Bu,E. Nava,796,567,men:api:796,men:api:567,men:sackmann:207352,men:sackmann:207182,2.85,loss,-1.0,1.0
2026-05-19,men,qualifying,French Open,ATP French Open - Quarter-finals,J. Faria - G. Dimitrov,J. Faria,G. Dimitrov,824,2384,men:api:824,men:api:2384,men:sackmann:210262,men:sackmann:105777,1.84,win,1.05,1.25
2026-05-19,men,qualifying,French Open,ATP French Open - Quarter-finals,J. Kym - T. Gentzsch,J. Kym,T. Gentzsch,1304,2501,men:api:1304,men:api:2501,men:sackmann:208843,men:sackmann:210167,1.91,loss,-1.25,1.25
2026-05-19,men,qualifying,French Open,ATP French Open - Quarter-finals,L. Midon - R. Carballes Baena,L. Midon,R. Carballes Baena,10018,593,men:api:10018,men:api:593,men:sackmann:210510,men:sackmann:106148,2.8,loss,-1.25,1.25
2026-05-19,men,qualifying,French Open,ATP French Open - Quarter-finals,L. Pavlovic - H. Wendelken,H. Wendelken,L. Pavlovic,7009,2103,men:api:7009,men:api:2103,men:sackmann:207784,men:sackmann:202146,2.5,loss,-1.25,1.25
2026-05-19,men,challenger,Istanbul (Turkey) - Qualification,Istanbul - 1/16-finals,M. Alkaya - G. Kravchenko,M. Alkaya,G. Kravchenko,8972,2106,men:api:8972,men:api:2106,men:sackmann:207368,men:sackmann:206662,2.0,win,1.25,1.25
2026-05-19,men,atp,Geneva,ATP Geneva - 1/16-finals,N. Basavareddy - J. Munar,N. Basavareddy,J. Munar,15270,2083,men:api:15270,men:api:2083,men:sackmann:210460,men:sackmann:144719,2.58,loss,-1.25,1.25
2026-05-19,men,challenger,Cervia (Italy) - Qualification,Cervia - 1/16-finals,T. Compagnucci - L. Tu,L. Tu,T. Compagnucci,1883,851,men:api:1883,men:api:851,men:sackmann:111454,men:sackmann:209864,2.39,loss,-1.5,1.5
2026-05-19,women,wta,Strasbourg,WTA Strasbourg - 1/8-finals,A. Li - E. Alexandrova,A. Li,E. Alexandrova,2997,2392,women:api:2997,women:api:2392,women:sackmann:215983,women:sackmann:206420,1.84,win,1.05,1.25
2026-05-19,women,qualifying,French Open,WTA French Open - Quarter-finals,F. Jorge - X. You,X. You,F. Jorge,1819,1410,women:api:1819,women:api:1410,women:sackmann:214646,women:sackmann:216055,2.0,loss,-1.0,1.0
2026-05-19,women,itf,W50 Portoroz,W50 Portoroz - 1/16-finals,I. Shinikova - V. Morvayova,I. Shinikova,V. Morvayova,503,72,women:api:503,women:api:72,women:sackmann:202688,women:sackmann:215077,2.13,loss,-1.25,1.25
2026-05-19,women,qualifying,French Open,WTA French Open - Quarter-finals,J. Riera - L. Samson,J. Riera,L. Samson,2281,2815,women:api:2281,women:api:2815,women:sackmann:220699,women:sackmann:266671,2.4,win,1.75,1.25
2026-05-19,women,itf,W15 Monastir 14,W15 Monastir 14 - 1/16-finals,N. Sousa Salazar - A. Urso,N. Sousa Salazar,A. Urso,67621,57058,women:api:67621,women:api:57058,women:sackmann:266455,women:sackmann:220071,2.5,loss,-1.25,1.25
2026-05-20,men,atp,Hamburg,ATP Hamburg - 1/8-finals,A. Davidovich Fokina - A. De Minaur,A. Davidovich Fokina,A. De Minaur,2842,1106,men:api:2842,men:api:1106,men:sackmann:200221,men:sackmann:200282,2.39,loss,-1.5,1.5
2026-05-20,men,qualifying,French Open,ATP French Open - Semi-finals,A. Fery - P. Martinez,A. Fery,P. Martinez,8174,1775,men:api:8174,men:api:1775,men:sackmann:209259,men:sackmann:124079,2.37,loss,-1.5,1.5
2026-05-20,men,challenger,Istanbul (Turkey) - Qualification,Istanbul - 1/8-finals,A. Nedic - M. Alkaya,M. Alkaya,A. Nedic,8972,9640,men:api:8972,men:api:9640,men:sackmann:207368,men:sackmann:210119,2.61,loss,-1.25,1.25
2026-05-20,men,atp,Geneva,ATP Geneva - 1/8-finals,A. Rinderknech - L. Djere,L. Djere,A. Rinderknech,2386,1902,men:api:2386,men:api:1902,men:sackmann:111513,men:sackmann:126239,2.37,loss,-1.5,1.5
2026-05-20,men,qualifying,French Open,ATP French Open - Semi-finals,G. Bueno - V. Sachko,G. Bueno,V. Sachko,9209,1899,men:api:9209,men:api:1899,men:sackmann:208293,men:sackmann:126964,1.98,win,1.47,1.5
2026-05-20,men,atp,Hamburg,ATP Hamburg - 1/8-finals,I. Buse - J. Mensik,I. Buse,J. Mensik,9514,902,men:api:9514,men:api:902,men:sackmann:209860,men:sackmann:210150,2.58,win,1.975,1.25
2026-05-20,men,atp,Hamburg,ATP Hamburg - 1/8-finals,L. Darderi - Y. Hanfmann,L. Darderi,Y. Hanfmann,8781,1764,men:api:8781,men:api:1764,men:sackmann:209260,men:sackmann:105870,1.7,win,0.7,1.0
2026-05-20,men,challenger,Cervia (Italy) - Qualification,Cervia - 1/8-finals,P. Nesterov - M. Dhamne,P. Nesterov,M. Dhamne,9220,54470,men:api:9220,men:api:54470,men:sackmann:209318,men:sackmann:211768,1.91,win,1.365,1.5
2026-05-20,men,itf,M15 Monastir 19,M15 Monastir 19 - 1/16-finals,S. Andre - T. Sahtali,T. Sahtali,S. Andre,804,19223,men:api:804,men:api:19223,men:sackmann:200086,men:sackmann:210252,2.1,loss,-1.0,1.0
2026-05-20,men,qualifying,French Open,ATP French Open - Semi-finals,T. Schoolkate - Dar. Blanch,T. Schoolkate,Dar. Blanch,1183,17463,men:api:1183,men:api:17463,men:sackmann:209262,men:sackmann:210464,2.32,loss,-1.5,1.5
2026-05-20,women,qualifying,French Open,WTA French Open - Semi-finals,C. Liu - K. Kawa,C. Liu,K. Kawa,509,1780,women:api:509,women:api:1780,women:sackmann:214906,women:sackmann:203514,1.76,win,0.76,1.0
2026-05-20,women,wta,Strasbourg,WTA Strasbourg - 1/8-finals,C. Tauson - J. Cristian,C. Tauson,J. Cristian,3007,33659,women:api:3007,women:api:33659,women:sackmann:220704,women:sackmann:211713,2.55,loss,-1.25,1.25
2026-05-20,women,wta,Rabat,WTA Rabat - 1/8-finals,F. Ferro - J. Bouzas Maneiro,F. Ferro,J. Bouzas Maneiro,526,154,women:api:526,women:api:154,women:sackmann:211539,women:sackmann:222601,2.38,loss,-1.5,1.5
2026-05-20,women,itf,"W50 Pelham, AL","W50 Pelham, AL - 1/16-finals",G. Feistel - M. Brengle,M. Brengle,G. Feistel,2391,38149,women:api:2391,women:api:38149,women:sackmann:201483,women:sackmann:252531,2.29,win,1.6125,1.25
2026-05-20,women,qualifying,French Open,WTA French Open - Semi-finals,G. Minnen - L. Radivojevic,G. Minnen,L. Radivojevic,2191,1364,women:api:2191,women:api:1364,women:sackmann:213889,women:sackmann:236957,2.41,win,1.7625,1.25
2026-05-21,men,itf,M25 Deauville,M25 Deauville - 1/8-finals,A. Deckers - M. Chazal,A. Deckers,M. Chazal,10019,1332,men:api:10019,men:api:1332,men:sackmann:207793,men:sackmann:106172,2.47,win,1.1025,0.75
2026-05-21,men,atp,Geneva,ATP Geneva - Quarter-finals,A. Rinderknech - A. Bublik,A. Rinderknech,A. Bublik,1902,1895,men:api:1902,men:api:1895,men:sackmann:126239,men:sackmann:122330,2.65,loss,-1.25,1.25
2026-05-21,men,challenger,Istanbul (Turkey) - Qualification,Istanbul - 1/8-finals,D. Michalski - B. Hassan,B. Hassan,D. Michalski,1896,582,men:api:1896,men:api:582,men:sackmann:133975,men:sackmann:207415,2.13,loss,-1.25,1.25
2026-05-21,men,challenger,Bengaluru 3 (India) - Qualification,Bengaluru 3 - Quarter-finals,H. Stewart - O. Milic,H. Stewart,O. Milic,38208,52882,men:api:38208,men:api:52882,men:sackmann:207171,men:sackmann:212207,2.63,win,2.0375,1.25
2026-05-21,men,atp,Hamburg,ATP Hamburg - Quarter-finals,L. Darderi - A. De Minaur,L. Darderi,A. De Minaur,8781,1106,men:api:8781,men:api:1106,men:sackmann:209260,men:sackmann:200282,2.2,loss,-1.5,1.5
2026-05-21,men,itf,M25 Bol,M25 Bol - 1/8-finals,M. Miladinovic - W. Rejchtman Vinciguerra,W. Rejchtman Vinciguerra,M. Miladinovic,59291,8931,men:api:59291,men:api:8931,men:sackmann:212478,men:sackmann:202327,2.27,loss,-1.25,1.25
2026-05-21,men,atp,Geneva,ATP Geneva - Quarter-finals,M. Navone - J. Munar,M. Navone,J. Munar,949,2083,men:api:949,men:api:2083,men:sackmann:208363,men:sackmann:144719,1.95,win,1.425,1.5
2026-05-21,men,challenger,Istanbul (Turkey) - Qualification,Istanbul - 1/8-finals,M. Poljicak - M. Mrva,M. Poljicak,M. Mrva,943,31143,men:api:943,men:api:31143,men:sackmann:209890,men:sackmann:211617,1.84,win,1.05,1.25
2026-05-21,men,itf,M15 Monastir 19,M15 Monastir 19 - 1/8-finals,N. Jadoun - D. De Jonge,N. Jadoun,D. De Jonge,52645,7498,men:api:52645,men:api:7498,men:sackmann:212171,men:sackmann:207893,2.22,loss,-1.25,1.25
2026-05-21,men,itf,M15 Maringa 2 (Brazil),M15 Maringa 2 - 1/8-finals,S. Giamichelle - N. Bruna,N. Bruna,S. Giamichelle,9689,55062,men:api:9689,men:api:55062,men:sackmann:202220,men:sackmann:213839,2.5,loss,-1.0,1.0
2026-05-21,men,itf,M15 Maringa 2 (Brazil),M15 Maringa 2 - 1/8-finals,T. Martinez - W. Leite,W. Leite,T. Martinez,5469,58881,men:api:5469,men:api:58881,men:sackmann:105868,men:sackmann:211658,1.9,win,0.675,0.75
2026-05-21,men,qualifying,French Open,ATP French Open - Final,T. Samuel - G. Bueno,G. Bueno,T. Samuel,9209,15184,men:api:9209,men:api:15184,men:sackmann:208293,men:sackmann:210389,2.12,loss,-1.25,1.25
2026-05-21,men,itf,M15 Kayseri,M15 Kayseri - 1/16-finals,Y. Hongyu - A. Alekseychuk,A. Alekseychuk,Y. Hongyu,49391,49384,men:api:49391,men:api:49384,men:sackmann:212066,men:sackmann:212067,1.9,win,0.675,0.75
2026-05-21,women,qualifying,French Open,WTA French Open - Final,A. Korneeva - J. Riera,J. Riera,A. Korneeva,2281,14547,women:api:2281,women:api:14547,women:sackmann:220699,women:sackmann:252499,2.22,loss,-1.5,1.5
2026-05-21,women,itf,W15 Tsaghkadzor,W15 Tsaghkadzor - 1/8-finals,A. Wirges - T. Kovacevic,T. Kovacevic,A. Wirges,74799,1368,women:api:74799,women:api:1368,women:sackmann:269704,women:sackmann:220493,1.97,win,0.97,1.0
2026-05-21,women,itf,W35 Bol,W35 Bol - 1/8-finals,A. Zantedeschi - L. Nilsson,L. Nilsson,A. Zantedeschi,51328,170,women:api:51328,women:api:170,women:sackmann:263909,women:sackmann:215878,2.53,win,1.9125,1.25
2026-05-21,women,wta,Strasbourg,WTA Strasbourg - Quarter-finals,M. Bouzkova - A. Li,M. Bouzkova,A. Li,2820,2997,women:api:2820,women:api:2997,women:sackmann:213631,women:sackmann:215983,1.9,loss,-1.0,1.0
2026-05-21,women,itf,W15 Kursumlijska Banja 2,W15 Kursumlijska Banja 2 - 1/8-finals,M. Mettraux - N. Radovanovic,M. Mettraux,N. Radovanovic,2265,13073,women:api:2265,women:api:13073,women:sackmann:221062,women:sackmann:222602,2.1,win,1.375,1.25
2026-05-21,women,itf,W35 Estepona (Spain),W35 Estepona - 1/8-finals,S. Rutlauka - Z. Pawlikowska,S. Rutlauka,Z. Pawlikowska,19429,15409,women:api:19429,women:api:15409,women:sackmann:223404,women:sackmann:264187,2.38,win,1.725,1.25
2026-05-21,women,itf,W75 Kosice (Slovakia),W75 Kosice - Quarter-finals,T. C. Grant - E. Andreeva,E. Andreeva,T. C. Grant,1958,40794,women:api:1958,women:api:40794,women:sackmann:222965,women:sackmann:261972,2.8,loss,-1.25,1.25
2026-05-22,men,atp,Hamburg,ATP Hamburg - Semi-finals,A. De Minaur - T. Paul,T. Paul,A. De Minaur,1894,1106,men:api:1894,men:api:1106,men:sackmann:126205,men:sackmann:200282,2.32,win,1.98,1.5
2026-05-22,men,itf,M15 Doboj,M15 Doboj - Quarter-finals,D. Obradovic - A. Boros,A. Boros,D. Obradovic,13823,941,men:api:13823,men:api:941,men:sackmann:210236,men:sackmann:207708,2.05,loss,-1.0,1.0
2026-05-22,men,itf,M25 Deauville,M25 Deauville - Quarter-finals,J. Loge - C. Denolly,C. Denolly,J. Loge,8223,38176,men:api:8223,men:api:38176,men:sackmann:144656,men:sackmann:211504,2.25,win,1.5625,1.25
2026-05-22,men,itf,M15 Litija,M15 Litija - Quarter-finals,K. Kivattsev - G. Bosio,G. Bosio,K. Kivattsev,750,1944,men:api:750,men:api:1944,men:sackmann:208152,men:sackmann:200070,2.4,win,1.75,1.25
2026-05-22,men,atp,Geneva,ATP Geneva - Semi-finals,L. Tien - A. Bublik,L. Tien,A. Bublik,10520,1895,men:api:10520,men:api:1895,men:sackmann:210530,men:sackmann:122330,2.32,win,1.98,1.5
2026-05-22,men,itf,M15 Luan,M15 Luan - Quarter-finals,S. Ryan Ziegann - N. Koizumi,S. Ryan Ziegann,N. Koizumi,25015,59061,men:api:25015,men:api:59061,men:sackmann:208160,men:sackmann:212476,2.5,loss,-1.25,1.25
2026-05-22,men,itf,M15 Gimcheon,M15 Gimcheon - Quarter-finals,T. Sach - S. Fukuda,S. Fukuda,T. Sach,5213,885,men:api:5213,men:api:885,men:sackmann:126335,men:sackmann:210470,2.19,loss,-1.25,1.25
2026-05-22,women,itf,W35 Estepona (Spain),W35 Estepona - Quarter-finals,A. Gillan - C. Gallardo Guevara,C. Gallardo Guevara,A. Gillan,16110,2565,women:api:16110,women:api:2565,women:sackmann:222239,women:sackmann:216268,2.1,loss,-1.25,1.25
2026-05-22,women,itf,W35 Klagenfurt,W35 Klagenfurt - Semi-finals,A. Mazzola - N. Schunk,A. Mazzola,N. Schunk,15681,487,women:api:15681,women:api:487,women:sackmann:220306,women:sackmann:221768,2.38,loss,-1.25,1.25
2026-05-22,women,itf,W50 Portoroz,W50 Portoroz - Quarter-finals,D. Maric - I. Oz,D. Maric,I. Oz,54858,486,women:api:54858,women:api:486,women:sackmann:260017,women:sackmann:213998,2.82,loss,-1.0,1.0
2026-05-22,women,itf,W100 Takasaki,W100 Takasaki - 1/8-finals,H. Kaji - F. Tian,H. Kaji,F. Tian,5088,13672,women:api:5088,women:api:13672,women:sackmann:211844,women:sackmann:221885,2.75,win,1.3125,0.75
2026-05-22,women,qualifying,French Open,WTA French Open - Final,H. Tan - L. Fruhvirtova,H. Tan,L. Fruhvirtova,1156,446,women:api:1156,women:api:446,women:sackmann:211552,women:sackmann:222258,2.5,loss,-1.25,1.25
2026-05-22,women,itf,W35 Bol,W35 Bol - Quarter-finals,I. Primorac - T. Lukas,I. Primorac,T. Lukas,5330,1438,women:api:5330,women:api:1438,women:sackmann:206248,women:sackmann:211329,2.28,win,1.92,1.5
2026-05-22,women,itf,W100 Takasaki,W100 Takasaki - 1/8-finals,M. Kobori - M. Yamaguchi,M. Kobori,M. Yamaguchi,7356,98,women:api:7356,women:api:98,women:sackmann:215468,women:sackmann:215614,2.75,win,1.75,1.0
2026-05-22,women,itf,W35 Wuning (China),W35 Wuning - Quarter-finals,P. Cheapchandej - Y. Yang,P. Cheapchandej,Y. Yang,5426,1384,women:api:5426,women:api:1384,women:sackmann:211756,women:sackmann:215820,1.76,loss,-1.0,1.0
2026-05-22,women,qualifying,French Open,WTA French Open - Final,S. Bandecchi - V. Hruncakova,V. Hruncakova,S. Bandecchi,50406,484,women:api:50406,women:api:484,women:sackmann:214149,women:sackmann:214826,2.22,loss,-1.5,1.5
2026-05-22,women,itf,W100 Takasaki,W100 Takasaki - 1/8-finals,V. Ryser - N. Kawaguchi,N. Kawaguchi,V. Ryser,13546,101,women:api:13546,women:api:101,women:sackmann:221229,women:sackmann:220489,2.25,loss,-1.25,1.25
2026-05-23,men,challenger,Bengaluru 3 (India) - Qualification,Bengaluru 3 - Final,I. Ivashka - P. Bar Biryukov,P. Bar Biryukov,I. Ivashka,14515,432,men:api:14515,men:api:432,men:sackmann:209951,men:sackmann:125802,2.8,win,1.8,1.0
2026-05-23,women,itf,"W50 Pelham, AL","W50 Pelham, AL - Quarter-finals",A. Vergara Rivera - B. Payne,B. Payne,A. Vergara Rivera,82380,23356,women:api:82380,women:api:23356,women:sackmann:270080,women:sackmann:254733,2.27,win,1.905,1.5
2026-05-23,women,itf,W15 Toyama 2 (Japan),W15 Toyama 2 - Semi-finals,S. Noguchi - R. Matsuda,S. Noguchi,R. Matsuda,76009,39924,women:api:76009,women:api:39924,women:sackmann:269866,women:sackmann:259690,1.71,win,0.5325,0.75
2026-05-24,men,atp,French Open,ATP French Open - 1/64-finals,H. Dellien - V. Royer,H. Dellien,V. Royer,2980,954,men:api:2980,men:api:954,men:sackmann:106198,men:sackmann:208316,1.75,loss,-1.0,1.0
2026-05-24,men,atp,French Open,ATP French Open - 1/64-finals,K. Jacquet - M. Trungelliti,K. Jacquet,M. Trungelliti,1335,395,men:api:1335,men:api:395,men:sackmann:208021,men:sackmann:105477,1.9,loss,-1.25,1.25
2026-05-24,men,atp,French Open,ATP French Open - 1/64-finals,L. Sonego - P. Herbert,P. Herbert,L. Sonego,1748,2843,men:api:1748,men:api:2843,men:sackmann:105732,men:sackmann:132283,2.75,loss,-1.25,1.25
2026-05-24,men,itf,M15 Monastir 19,M15 Monastir 19 - Final,N. Tepmahc - D. De Jonge,N. Tepmahc,D. De Jonge,12632,7498,men:api:12632,men:api:7498,men:sackmann:208168,men:sackmann:207893,2.25,loss,-1.25,1.25
2026-05-24,men,atp,French Open,ATP French Open - 1/64-finals,P. Llamas Ruiz - T. A. Tirante,P. Llamas Ruiz,T. A. Tirante,987,366,men:api:987,men:api:366,men:sackmann:208010,men:sackmann:202058,2.1,loss,-1.5,1.5
2026-05-24,men,qualifying,Kosice,Kosice - Semi-finals,P. Sakamoto - L. Angelini,L. Angelini,P. Sakamoto,15916,4741,men:api:15916,men:api:4741,men:sackmann:149117,men:sackmann:106203,2.55,loss,-1.25,1.25
2026-05-24,men,atp,French Open,ATP French Open - 1/64-finals,Q. Halys - M. Bellucci,M. Bellucci,Q. Halys,2112,1925,men:api:2112,men:api:1925,men:sackmann:208233,men:sackmann:111460,2.26,loss,-1.5,1.5
2026-05-24,men,atp,French Open,ATP French Open - 1/64-finals,T. M. Etcheverry - N. Borges,N. Borges,T. M. Etcheverry,358,1777,men:api:358,men:api:1777,men:sackmann:132686,men:sackmann:144869,2.85,win,2.3125,1.25
2026-05-24,men,qualifying,Vicenza,Vicenza - Semi-finals,Y. Ghazouani Durand - J. Sels,Y. Ghazouani Durand,J. Sels,58961,586,men:api:58961,men:api:586,men:sackmann:211901,men:sackmann:125847,2.75,loss,-1.25,1.25
2026-05-24,women,wta,French Open,WTA French Open - 1/64-finals,C. Tauson - D. Snigur,D. Snigur,C. Tauson,1131,3007,women:api:1131,women:api:3007,women:sackmann:220750,women:sackmann:220704,2.57,win,1.9625,1.25
2026-05-24,women,wta,French Open,WTA French Open - 1/64-finals,M. Bassols - E. Arango,M. Bassols,E. Arango,135,1802,women:api:135,women:api:1802,women:sackmann:215453,women:sackmann:215306,2.04,win,1.56,1.5
2026-05-24,women,wta,French Open,WTA French Open - 1/64-finals,S. Sorribes Tormo - T. Korpatsch,S. Sorribes Tormo,T. Korpatsch,2910,501,women:api:2910,women:api:501,women:sackmann:204427,women:sackmann:211337,2.22,loss,-1.5,1.5
2026-05-24,women,itf,W15 Tsaghkadzor,W15 Tsaghkadzor - Final,V. Grammatikopoulou - K. Kroitor,V. Grammatikopoulou,K. Kroitor,504,75363,women:api:504,women:api:75363,women:sackmann:204394,women:sackmann:269755,2.63,loss,-1.25,1.25
2026-05-24,women,itf,W100 Takasaki,W100 Takasaki - Final,Y. Naito - V. Ryser,Y. Naito,V. Ryser,475,101,women:api:475,women:api:101,women:sackmann:267695,women:sackmann:220489,2.0,win,1.0,1.0
2026-05-26,men,itf,M15 Kutaisi (Georgia),M15 Kutaisi - 1/16-finals,A. Shvangiradze - A. Ushakov,A. Ushakov,A. Shvangiradze,81642,48859,men:api:81642,men:api:48859,men:sackmann:213813,men:sackmann:212083,2.3,loss,-0.75,0.75
2026-05-26,men,challenger,Little Rock,Little Rock - 1/16-finals,C. Smith - T. Svajda,T. Svajda,C. Smith,52663,54466,men:api:52663,men:api:54466,men:sackmann:212216,men:sackmann:212256,2.75,loss,-1.0,1.0
2026-05-29,men,itf,M15 Kutaisi (Georgia),,Y. Erel - D. Ostapenkov,D. Ostapenkov,Y. Erel,13986,10541,men:api:13986,men:api:10541,men:sackmann:209867,men:sackmann:207129,2.63,loss,-0.75,0.75
2026-05-29,women,itf,W15 Kayseri 2,W15 Kayseri 2 - Quarter-finals,A. Arystanbekova - D. Dilek,A. Arystanbekova,D. Dilek,39124,73851,women:api:39124,women:api:73851,women:sackmann:237465,women:sackmann:266403,2.8,loss,-1.25,1.25
2026-06-08,men,qualifying,San Miguel de Tucuman,San Miguel de Tucuman - Final,N. Villalon - E. Monferrer,E. Monferrer,N. Villalon,9378,39931,men:api:9378,men:api:39931,men:sackmann:208613,men:sackmann:210507,2.5,loss,-1.25,1.25
2026-06-11,women,wta,London,WTA London - 1/8-finals,M. Bouzkova - D. Vekic,D. Vekic,M. Bouzkova,455,2820,women:api:455,women:api:2820,women:sackmann:202499,women:sackmann:213631,2.37,win,2.055,1.5
2026-06-14,men,qualifying,Poznan,Poznan - Semi-finals,D. Siniakov - B. Hassan,D. Siniakov,B. Hassan,899,1896,men:api:899,men:api:1896,men:sackmann:209338,men:sackmann:133975,2.27,win,1.5875,1.25
2026-06-14,women,qualifying,Berlin,WTA Berlin - Final,M. Frech - S. Zhang,S. Zhang,M. Frech,1825,2089,women:api:1825,women:api:2089,women:sackmann:201533,women:sackmann:211684,2.2,win,1.8,1.5
