api_player_key,api_name,gender,mapping_status,priority,impact_total_matches,impact_atp_wta,impact_grand_slam,impact_challenger,impact_itf,impact_qualifying,rank,sackmann_player_key,sackmann_name,sackmann_matches,score,margin,method,suggested_action,suggested_override_json
men:api:100794,N. Belozertsev,men,unmapped,low,,,,,,,,,,,,,,no_candidate,
men:api:101032,S. Azam,men,unmapped,low,,,,,,,,,,,,,,no_candidate,
men:api:102651,M. Bekeni,men,unmapped,low,,,,,,,,,,,,,,no_candidate,
men:api:10295,S. Shin,men,unmapped,low,,,,,,,,,,,,,,no_candidate,
men:api:102953,G. L. Zajc,men,unmapped,low,,,,,,,,,,,,,,no_candidate,
men:api:102954,N. M. Becirovic,men,unmapped,low,,,,,,,,,,,,,,no_candidate,
men:api:10296,D. J. Kim,men,ambiguous,low,,,,,,,1,men:sackmann:207456,Dong Ju Kim,46,0.975,0.0,multi_initial_surname,manual_review,
men:api:10296,D. J. Kim,men,ambiguous,low,,,,,,,2,men:sackmann:212974,Dongmin Kim,3,0.975,,exact_initial_form,candidate,
men:api:10296,D. J. Kim,men,ambiguous,low,,,,,,,3,men:sackmann:212613,Diego Quispe Kim,2,0.975,,exact_initial_form,candidate,
men:api:10296,D. J. Kim,men,ambiguous,low,,,,,,,4,men:sackmann:214605,Dongjae Kim,1,0.975,,exact_initial_form,candidate,
men:api:10296,D. J. Kim,men,ambiguous,low,,,,,,,5,men:sackmann:211556,Dae Han Kim,1,0.975,,exact_initial_form,candidate,
men:api:102960,L. Soares,men,unmapped,low,,,,,,,,,,,,,,no_candidate,
men:api:102985,X. Massotte,men,unmapped,low,,,,,,,,,,,,,,no_candidate,
men:api:102986,M. Vukovic,men,unmapped,low,,,,,,,1,men:sackmann:202295,Luka Vukovic,1,0.708571,0.708571,same_last,weak_candidate,
men:api:102987,T. Kawaguchi,men,unmapped,low,,,,,,,,,,,,,,no_candidate,
men:api:102989,E. Giurescu,men,unmapped,low,,,,,,,,,,,,,,no_candidate,
men:api:102990,A. Dubreuil,men,unmapped,low,,,,,,,,,,,,,,no_candidate,
men:api:102991,C. Thies,men,unmapped,low,,,,,,,,,,,,,,no_candidate,
men:api:102992,N. Raghuram,men,unmapped,low,,,,,,,,,,,,,,no_candidate,
men:api:103005,B. Moxon,men,unmapped,low,,,,,,,,,,,,,,no_candidate,
men:api:103006,N. Bartolucci,men,unmapped,low,,,,,,,,,,,,,,no_candidate,
men:api:103050,K. Akkocaoglu,men,unmapped,low,,,,,,,,,,,,,,no_candidate,
men:api:103296,R. Valetov,men,unmapped,low,,,,,,,,,,,,,,no_candidate,
men:api:103306,M. Liszka,men,unmapped,low,,,,,,,,,,,,,,no_candidate,
men:api:10334,Y. Mochizuki,men,ambiguous,low,,,,,,,1,men:sackmann:200661,Yuki Mochizuki,137,0.975,0.0,exact_initial_form,manual_review,
men:api:10334,Y. Mochizuki,men,ambiguous,low,,,,,,,2,men:sackmann:211460,Yuki Mochizuki,39,0.975,,exact_initial_form,candidate,
men:api:103415,M. Lorincik,men,unmapped,low,,,,,,,,,,,,,,no_candidate,
men:api:103450,J. Fabre,men,unmapped,low,,,,,,,,,,,,,,no_candidate,
men:api:103493,A. Baybars,men,unmapped,low,,,,,,,,,,,,,,no_candidate,
men:api:103608,Y. Baluska,men,unmapped,low,,,,,,,,,,,,,,no_candidate,
men:api:103609,T. Miranda,men,unmapped,low,,,,,,,,,,,,,,no_candidate,
men:api:103642,G. Pistoia,men,unmapped,low,,,,,,,,,,,,,,no_candidate,
men:api:103669,J. Cunha,men,unmapped,low,,,,,,,,,,,,,,no_candidate,
men:api:103670,M. Henrique,men,unmapped,low,,,,,,,,,,,,,,no_candidate,
men:api:103671,H. Nelson,men,unmapped,low,,,,,,,,,,,,,,no_candidate,
men:api:103704,Y. C. Yang,men,unmapped,low,,,,,,,,,,,,,,no_candidate,
men:api:103731,D. Yigin,men,unmapped,low,,,,,,,,,,,,,,no_candidate,
men:api:103737,A. Tiutchenko,men,unmapped,low,,,,,,,,,,,,,,no_candidate,
men:api:103753,L. Klaus,men,unmapped,low,,,,,,,,,,,,,,no_candidate,
men:api:103754,P. Hermoso,men,unmapped,low,,,,,,,,,,,,,,no_candidate,
men:api:103757,A. G. Torres,men,unmapped,low,,,,,,,1,men:sackmann:208426,Tiago Torres,79,0.749091,0.04052,same_last,weak_candidate,
men:api:103757,A. G. Torres,men,unmapped,low,,,,,,,2,men:sackmann:214045,Ryan Torres,2,0.708571,,same_last,candidate,
men:api:103758,L. G. Felisberto,men,unmapped,low,,,,,,,,,,,,,,no_candidate,
men:api:103798,J. Coudret,men,unmapped,low,,,,,,,,,,,,,,no_candidate,
men:api:103831,L. Tombolini,men,unmapped,low,,,,,,,,,,,,,,no_candidate,
men:api:103836,J. McGloughlin,men,unmapped,low,,,,,,,,,,,,,,no_candidate,
men:api:10508,P. A. Saraiva Dos Santos,men,ambiguous,low,,,,,,,1,men:sackmann:208063,Paulo Andre Saraiva Dos Santos,177,0.975,0.0,multi_initial_surname,manual_review,
men:api:10508,P. A. Saraiva Dos Santos,men,ambiguous,low,,,,,,,2,men:sackmann:212876,Pedro Andre De Almeida Santos,10,0.975,,multi_initial_surname,candidate,
men:api:1056,A. Martin,men,ambiguous,low,,,,,,,1,men:sackmann:211346,Andres Martin,171,0.975,0.0,exact_initial_form,manual_review,
men:api:1056,A. Martin,men,ambiguous,low,,,,,,,2,men:sackmann:105413,Andrej Martin,111,0.975,,exact_initial_form,candidate,
men:api:1056,A. Martin,men,ambiguous,low,,,,,,,3,men:sackmann:126533,Alvaro Lopez San Martin,67,0.975,,exact_initial_form,candidate,
men:api:1056,A. Martin,men,ambiguous,low,,,,,,,4,men:sackmann:202297,Dan Martin,160,0.8,,same_last,candidate,
men:api:1062,Wu Tung-Lin,men,unmapped,low,,,,,,,,,,,,,,no_candidate,
men:api:10849,C. H. van Schalkwyk,men,ambiguous,low,,,,,,,1,men:sackmann:210227,Connor Henry Van Schalkwyk,11,0.975,0.0,multi_initial_surname,manual_review,
men:api:10849,C. H. van Schalkwyk,men,ambiguous,low,,,,,,,2,men:sackmann:213358,Codie Schalk Van Schalkwyk,3,0.975,,exact_initial_form,candidate,
men:api:11182,M. Efstathiou,men,ambiguous,low,,,,,,,1,men:sackmann:213713,Melios Efstathiou,74,0.975,0.0,exact_initial_form,manual_review,
men:api:11182,M. Efstathiou,men,ambiguous,low,,,,,,,2,men:sackmann:144949,Menelaos Efstathiou,45,0.975,,exact_initial_form,candidate,
men:api:11781,P. Dev S D,men,unmapped,low,,,,,,,,,,,,,,no_candidate,
men:api:1200,M. Sasikumar,men,unmapped,low,,,,,,,,,,,,,,no_candidate,
men:api:1270,H. Liu,men,ambiguous,low,,,,,,,1,men:sackmann:207343,Hanyi Liu,108,0.975,0.0,exact_initial_form,manual_review,
men:api:1270,H. Liu,men,ambiguous,low,,,,,,,2,men:sackmann:214559,Hanlin Liu,2,0.975,,exact_initial_form,candidate,
men:api:13016,A. Abibsi,men,unmapped,low,,,,,,,,,,,,,,no_candidate,
men:api:1314,D. Blanch,men,ambiguous,low,,,,,,,1,men:sackmann:209898,Dali Blanch,215,0.975,0.0,exact_initial_form,manual_review,
men:api:1314,D. Blanch,men,ambiguous,low,,,,,,,2,men:sackmann:210464,Darwin Blanch,137,0.975,,exact_initial_form,candidate,
men:api:13283,C. Bittoun,men,unmapped,low,,,,,,,,,,,,,,no_candidate,
men:api:14087,M. Jones,men,ambiguous,low,,,,,,,1,men:sackmann:210382,Maximus Jones,177,0.975,0.0,exact_initial_form,manual_review,
men:api:14087,M. Jones,men,ambiguous,low,,,,,,,2,men:sackmann:207404,Miles Jones,112,0.975,,exact_initial_form,candidate,
men:api:14087,M. Jones,men,ambiguous,low,,,,,,,3,men:sackmann:207756,Adam Jones,24,0.752941,,same_last,candidate,
men:api:14087,M. Jones,men,ambiguous,low,,,,,,,4,men:sackmann:202346,Ben Jones,148,0.7,,same_last,candidate,
men:api:14306,Je. Delaney,men,ambiguous,low,,,,,,,1,men:sackmann:117359,Jake Delaney,247,0.975,0.0,exact_initial_form,manual_review,
men:api:14306,Je. Delaney,men,ambiguous,low,,,,,,,2,men:sackmann:202334,Jesse Delaney,135,0.975,,exact_initial_form,candidate,
men:api:14315,T. Duran,men,ambiguous,low,,,,,,,1,men:sackmann:210513,Tuncay Duran,100,0.975,0.0,exact_initial_form,manual_review,
men:api:14315,T. Duran,men,ambiguous,low,,,,,,,2,men:sackmann:214544,Tugra Duran,3,0.975,,exact_initial_form,candidate,
men:api:14638,N. Mashtakov,men,unmapped,low,,,,,,,,,,,,,,no_candidate,
men:api:17461,I. Orgiles Garcia Retamero,men,unmapped,low,,,,,,,,,,,,,,no_candidate,
men:api:1872,Pe. Tsitsipas,men,ambiguous,low,,,,,,,1,men:sackmann:210409,Pavlos Tsitsipas,90,0.975,0.0,exact_initial_form,manual_review,
men:api:1872,Pe. Tsitsipas,men,ambiguous,low,,,,,,,2,men:sackmann:202065,Petros Tsitsipas,58,0.975,,exact_initial_form,candidate,
men:api:1926,A. Popyrin,men,ambiguous,low,,,,,,,1,men:sackmann:200615,Alexei Popyrin,182,0.975,0.0,exact_initial_form,manual_review,
men:api:1926,A. Popyrin,men,ambiguous,low,,,,,,,2,men:sackmann:202270,Anthony Popyrin,3,0.975,,exact_initial_form,candidate,
men:api:2188,A. Huertas Del Pino Cordova,men,unmapped,low,,,,,,,,,,,,,,no_candidate,
men:api:22255,D. Azoidis,men,unmapped,low,,,,,,,,,,,,,,no_candidate,
men:api:23191,K. Suzuki,men,ambiguous,low,,,,,,,1,men:sackmann:120545,Ko Suzuki,34,0.975,0.0,exact_initial_form,manual_review,
men:api:23191,K. Suzuki,men,ambiguous,low,,,,,,,2,men:sackmann:213787,Katsutoshi Suzuki,1,0.975,,exact_initial_form,candidate,
men:api:23302,L. F. Miguel,men,ambiguous,low,,,,,,,1,men:sackmann:213036,Luis Guto Miguel,25,0.975,0.0,exact_initial_form,manual_review,
men:api:23302,L. F. Miguel,men,ambiguous,low,,,,,,,2,men:sackmann:210323,Luis Felipe Miguel,17,0.975,,multi_initial_surname,candidate,
men:api:2408,J. Reis Da Silva,men,ambiguous,low,,,,,,,1,men:sackmann:206307,Joao Lucas Reis Da Silva,222,0.975,0.0,exact_initial_form,manual_review,
men:api:2408,J. Reis Da Silva,men,ambiguous,low,,,,,,,2,men:sackmann:212947,Joao Dinis Silva,18,0.975,,exact_initial_form,candidate,
men:api:2408,J. Reis Da Silva,men,ambiguous,low,,,,,,,3,men:sackmann:133197,Joao Silva,6,0.975,,exact_initial_form,candidate,
men:api:24403,J. Borba,men,unmapped,low,,,,,,,,,,,,,,no_candidate,
men:api:2481,A. Ayeni,men,unmapped,low,,,,,,,,,,,,,,no_candidate,
men:api:2516,J. Nicod,men,ambiguous,low,,,,,,,1,men:sackmann:210556,Jakub Nicod,146,0.975,0.0,exact_initial_form,manual_review,
men:api:2516,J. Nicod,men,ambiguous,low,,,,,,,2,men:sackmann:210083,Jakub Nicod,20,0.975,,exact_initial_form,candidate,
men:api:25278,D. C. Spiridon,men,ambiguous,low,,,,,,,1,men:sackmann:212591,Denis Constantin Spiridon,45,0.975,0.0,multi_initial_surname,manual_review,
men:api:25278,D. C. Spiridon,men,ambiguous,low,,,,,,,2,men:sackmann:211505,Denis Constantin Spiridon,12,0.975,,multi_initial_surname,candidate,
men:api:2838,B. Nakashima,men,ambiguous,low,,,,,,,1,men:sackmann:206909,Brandon Nakashima,232,0.975,0.0,exact_initial_form,manual_review,
men:api:2838,B. Nakashima,men,ambiguous,low,,,,,,,2,men:sackmann:210416,Bryce Nakashima,26,0.975,,exact_initial_form,candidate,
men:api:2851,S. Johnson,men,ambiguous,low,,,,,,,1,men:sackmann:105449,Steve Johnson,45,0.975,0.0,exact_initial_form,manual_review,
men:api:2851,S. Johnson,men,ambiguous,low,,,,,,,2,men:sackmann:212958,Spencer Johnson,36,0.975,,exact_initial_form,candidate,
men:api:2851,S. Johnson,men,ambiguous,low,,,,,,,3,men:sackmann:123854,Luke Johnson,3,0.708571,,same_last,candidate,
men:api:28671,D. Fornaci,men,unmapped,low,,,,,,,,,,,,,,no_candidate,
men:api:29714,S. D'Agostino,men,unmapped,low,,,,,,,1,men:sackmann:208806,Stefano Dagostino,100,0.975,0.975,exact_initial_form,safe_override,"{""men:api:29714"": ""men:sackmann:208806""}"
men:api:30842,A. Duda,men,unmapped,low,,,,,,,,,,,,,,no_candidate,
men:api:31252,A. F. Alhogbani,men,ambiguous,low,,,,,,,1,men:sackmann:212249,Ammar Faleh Alhogbani,47,0.975,0.0,multi_initial_surname,manual_review,
men:api:31252,A. F. Alhogbani,men,ambiguous,low,,,,,,,2,men:sackmann:211653,Anmar Faleh Alhogbani,3,0.975,,multi_initial_surname,candidate,
men:api:31252,A. F. Alhogbani,men,ambiguous,low,,,,,,,3,men:sackmann:210128,Saud Alhogbani,6,0.746667,,same_last,candidate,
men:api:3132,D. Kim,men,ambiguous,low,,,,,,,1,men:sackmann:207456,Dong Ju Kim,46,0.975,0.0,exact_initial_form,manual_review,
men:api:3132,D. Kim,men,ambiguous,low,,,,,,,2,men:sackmann:212974,Dongmin Kim,3,0.975,,exact_initial_form,candidate,
men:api:3132,D. Kim,men,ambiguous,low,,,,,,,3,men:sackmann:212613,Diego Quispe Kim,2,0.975,,exact_initial_form,candidate,
men:api:3132,D. Kim,men,ambiguous,low,,,,,,,4,men:sackmann:214605,Dongjae Kim,1,0.975,,exact_initial_form,candidate,
men:api:3132,D. Kim,men,ambiguous,low,,,,,,,5,men:sackmann:211556,Dae Han Kim,1,0.975,,exact_initial_form,candidate,
men:api:3135,H. Chung,men,ambiguous,low,,,,,,,1,men:sackmann:111202,Hyeon Chung,105,0.975,0.0,exact_initial_form,manual_review,
men:api:3135,H. Chung,men,ambiguous,low,,,,,,,2,men:sackmann:106184,Hong Chung,9,0.975,,exact_initial_form,candidate,
men:api:32066,Y. Jeong,men,ambiguous,low,,,,,,,1,men:sackmann:202155,Yeongseok Jeong,56,0.975,0.0,exact_initial_form,manual_review,
men:api:32066,Y. Jeong,men,ambiguous,low,,,,,,,2,men:sackmann:212232,Yeonsu Jeong,17,0.975,,exact_initial_form,candidate,
men:api:37909,D. Petrovic,men,ambiguous,low,,,,,,,1,men:sackmann:210204,Drazen Petrovic,29,0.975,0.0,exact_initial_form,manual_review,
men:api:37909,D. Petrovic,men,ambiguous,low,,,,,,,2,men:sackmann:213186,David Petrovic,11,0.975,,exact_initial_form,candidate,
men:api:37909,D. Petrovic,men,ambiguous,low,,,,,,,3,men:sackmann:209954,Luka Petrovic,5,0.723478,,same_last,candidate,
men:api:37909,D. Petrovic,men,ambiguous,low,,,,,,,4,men:sackmann:209914,Andreja Petrovic,46,0.713846,,same_last,candidate,
men:api:38120,S. Popovic,men,ambiguous,low,,,,,,,1,men:sackmann:209251,Stefan Popovic,233,0.975,0.0,exact_initial_form,manual_review,
men:api:38120,S. Popovic,men,ambiguous,low,,,,,,,2,men:sackmann:209877,Stevan Popovic,16,0.975,,exact_initial_form,candidate,
men:api:38273,W. K. Leong M.,men,unmapped,low,,,,,,,,,,,,,,no_candidate,
men:api:38292,Y. Jeong,men,ambiguous,low,,,,,,,1,men:sackmann:202155,Yeongseok Jeong,56,0.975,0.0,exact_initial_form,manual_review,
men:api:38292,Y. Jeong,men,ambiguous,low,,,,,,,2,men:sackmann:212232,Yeonsu Jeong,17,0.975,,exact_initial_form,candidate,
men:api:38832,J. Aguilar Cardozo,men,ambiguous,low,,,,,,,1,men:sackmann:212051,Joaquin Aguilar Cardozo,114,0.975,0.0,exact_initial_form,manual_review,
men:api:38832,J. Aguilar Cardozo,men,ambiguous,low,,,,,,,2,men:sackmann:149099,Joaquin Aguilar Cardozo,9,0.975,,exact_initial_form,candidate,
men:api:38832,J. Aguilar Cardozo,men,ambiguous,low,,,,,,,3,men:sackmann:212481,Federico Aguilar Cardozo,51,0.721951,,same_last,candidate,
men:api:39003,V. Dell'Elba,men,unmapped,low,,,,,,,1,men:sackmann:202217,Vito Dellelba,32,0.975,0.975,exact_initial_form,safe_override,"{""men:api:39003"": ""men:sackmann:202217""}"
men:api:40127,Sun Qian,men,unmapped,low,,,,,,,,,,,,,,no_candidate,
men:api:40129,O. Poulsen Brostrom,men,unmapped,low,,,,,,,,,,,,,,no_candidate,
men:api:40212,D. Salazar,men,unmapped,low,,,,,,,1,men:sackmann:208365,Amador Salazar,41,0.723478,0.723478,same_last,weak_candidate,
men:api:4102,S. Nam Ji,men,unmapped,low,,,,,,,,,,,,,,no_candidate,
men:api:50705,H. S. Callejon,men,unmapped,low,,,,,,,,,,,,,,no_candidate,
men:api:53004,Oh Chan-Yeong,men,unmapped,low,,,,,,,,,,,,,,no_candidate,
men:api:53732,A. Blus,men,unmapped,low,,,,,,,,,,,,,,no_candidate,
men:api:54471,M. Mikovic,men,ambiguous,low,,,,,,,1,men:sackmann:212951,Mak Mikovic,17,0.975,0.0,exact_initial_form,manual_review,
men:api:54471,M. Mikovic,men,ambiguous,low,,,,,,,2,men:sackmann:212278,Milos Mikovic,14,0.975,,exact_initial_form,candidate,
men:api:54471,M. Mikovic,men,ambiguous,low,,,,,,,3,men:sackmann:212119,Nik Mikovic,36,0.736,,same_last,candidate,
men:api:55113,K. K. Lee,men,ambiguous,low,,,,,,,1,men:sackmann:134120,Kuan Yi Lee,103,0.975,0.0,exact_initial_form,manual_review,
men:api:55113,K. K. Lee,men,ambiguous,low,,,,,,,2,men:sackmann:212293,Karl Kazuma Lee,21,0.975,,multi_initial_surname,candidate,
men:api:55858,D. Dedura,men,unmapped,low,,,,,,,,,,,,,,no_candidate,
men:api:567,E. Nava,men,ambiguous,low,,,,,,,1,men:sackmann:207182,Emilio Nava,260,0.975,0.0,exact_initial_form,manual_review,
men:api:567,E. Nava,men,ambiguous,low,,,,,,,2,men:sackmann:124013,Eduardo Nava,4,0.975,,exact_initial_form,candidate,
men:api:56741,X. Yang,men,ambiguous,low,,,,,,,1,men:sackmann:212466,Xiaoyin Yang,24,0.975,0.0,exact_initial_form,manual_review,
men:api:56741,X. Yang,men,ambiguous,low,,,,,,,2,men:sackmann:149162,Xiaoyin Yang,1,0.975,,exact_initial_form,candidate,
men:api:5720,X. Zhou,men,ambiguous,low,,,,,,,1,men:sackmann:207724,Xian Yao Zhou,4,0.975,0.0,exact_initial_form,manual_review,
men:api:5720,X. Zhou,men,ambiguous,low,,,,,,,2,men:sackmann:214277,Xiao Feng Zhou,1,0.975,,exact_initial_form,candidate,
men:api:5720,X. Zhou,men,ambiguous,low,,,,,,,3,men:sackmann:212044,Yi Zhou,158,0.713846,,same_last,candidate,
men:api:57378,Y. C. Chen,men,ambiguous,low,,,,,,,1,men:sackmann:212460,Yan Cheng Chen,30,0.975,0.0,multi_initial_surname,manual_review,
men:api:57378,Y. C. Chen,men,ambiguous,low,,,,,,,2,men:sackmann:214029,Ye Chen,10,0.975,,exact_initial_form,candidate,
men:api:57378,Y. C. Chen,men,ambiguous,low,,,,,,,3,men:sackmann:206686,Ying Ze Chen,1,0.975,,exact_initial_form,candidate,
men:api:58219,C. E. Tufekci,men,unmapped,low,,,,,,,,,,,,,,no_candidate,
men:api:61033,T. Trufelli,men,ambiguous,low,,,,,,,1,men:sackmann:212770,Timeo Trufelli,23,0.975,0.0,exact_initial_form,manual_review,
men:api:61033,T. Trufelli,men,ambiguous,low,,,,,,,2,men:sackmann:212547,Timeo Trufelli,1,0.975,,exact_initial_form,candidate,
men:api:61814,C. Cordoba,men,ambiguous,low,,,,,,,1,men:sackmann:213059,Carles Cordoba,47,0.975,0.0,exact_initial_form,manual_review,
men:api:61814,C. Cordoba,men,ambiguous,low,,,,,,,2,men:sackmann:211719,Carles Cordoba,1,0.975,,exact_initial_form,candidate,
men:api:63406,K. S. Chen,men,ambiguous,low,,,,,,,1,men:sackmann:208696,Kuan Yu Chen,7,0.975,0.0,exact_initial_form,manual_review,
men:api:63406,K. S. Chen,men,ambiguous,low,,,,,,,2,men:sackmann:213769,Kuan Shou Chen,5,0.975,,multi_initial_surname,candidate,
men:api:63483,E. Kohlmann,men,unmapped,low,,,,,,,,,,,,,,no_candidate,
men:api:63925,J. Fuentes Vasquez,men,ambiguous,low,,,,,,,1,men:sackmann:212720,Juan Carlos Fuentes Vasquez,12,0.975,0.0,exact_initial_form,manual_review,
men:api:63925,J. Fuentes Vasquez,men,ambiguous,low,,,,,,,2,men:sackmann:213107,Jacob Israel Ramos Vasquez,2,0.975,,exact_initial_form,candidate,
men:api:662,B. Kuzuhara,men,ambiguous,low,,,,,,,1,men:sackmann:210044,Bruno Kuzuhara,209,0.975,0.0,exact_initial_form,manual_review,
men:api:662,B. Kuzuhara,men,ambiguous,low,,,,,,,2,men:sackmann:210029,Bruno Kuzuhara,14,0.975,,exact_initial_form,candidate,
men:api:66839,Dar. Blanch,men,ambiguous,low,,,,,,,1,men:sackmann:209898,Dali Blanch,215,0.975,0.0,exact_initial_form,manual_review,
men:api:66839,Dar. Blanch,men,ambiguous,low,,,,,,,2,men:sackmann:210464,Darwin Blanch,137,0.975,,exact_initial_form,candidate,
men:api:67442,L. A. Miguel,men,ambiguous,low,,,,,,,1,men:sackmann:213036,Luis Guto Miguel,25,0.975,0.0,exact_initial_form,manual_review,
men:api:67442,L. A. Miguel,men,ambiguous,low,,,,,,,2,men:sackmann:210323,Luis Felipe Miguel,17,0.975,,exact_initial_form,candidate,
men:api:680,M. Jones,men,ambiguous,low,,,,,,,1,men:sackmann:210382,Maximus Jones,177,0.975,0.0,exact_initial_form,manual_review,
men:api:680,M. Jones,men,ambiguous,low,,,,,,,2,men:sackmann:207404,Miles Jones,112,0.975,,exact_initial_form,candidate,
men:api:680,M. Jones,men,ambiguous,low,,,,,,,3,men:sackmann:207756,Adam Jones,24,0.752941,,same_last,candidate,
men:api:680,M. Jones,men,ambiguous,low,,,,,,,4,men:sackmann:202346,Ben Jones,148,0.7,,same_last,candidate,
men:api:68041,F. A. Vazquez,men,ambiguous,low,,,,,,,1,men:sackmann:212869,Franco Ariel Vazquez,7,0.975,0.0,multi_initial_surname,manual_review,
men:api:68041,F. A. Vazquez,men,ambiguous,low,,,,,,,2,men:sackmann:213746,Felipe Vazquez,3,0.975,,exact_initial_form,candidate,
men:api:68047,P. A. De Almeida Santos,men,ambiguous,low,,,,,,,1,men:sackmann:208063,Paulo Andre Saraiva Dos Santos,177,0.975,0.0,multi_initial_surname,manual_review,
men:api:68047,P. A. De Almeida Santos,men,ambiguous,low,,,,,,,2,men:sackmann:212876,Pedro Andre De Almeida Santos,10,0.975,,multi_initial_surname,candidate,
men:api:68750,J. Kennedy,men,ambiguous,low,,,,,,,1,men:sackmann:213605,Jack Kennedy,59,0.975,0.0,exact_initial_form,manual_review,
men:api:68750,J. Kennedy,men,ambiguous,low,,,,,,,2,men:sackmann:213194,Jack Kennedy,1,0.975,,exact_initial_form,candidate,
men:api:69090,J. D. Silva,men,ambiguous,low,,,,,,,1,men:sackmann:206307,Joao Lucas Reis Da Silva,222,0.975,0.0,exact_initial_form,manual_review,
men:api:69090,J. D. Silva,men,ambiguous,low,,,,,,,2,men:sackmann:212947,Joao Dinis Silva,18,0.975,,multi_initial_surname,candidate,
men:api:69090,J. D. Silva,men,ambiguous,low,,,,,,,3,men:sackmann:133197,Joao Silva,6,0.975,,exact_initial_form,candidate,
men:api:70265,F. F. Garbero,men,ambiguous,low,,,,,,,1,men:sackmann:213023,Filippo Francesco Garbero,12,0.975,0.0,multi_initial_surname,manual_review,
men:api:70265,F. F. Garbero,men,ambiguous,low,,,,,,,2,men:sackmann:213191,Federico Garbero,7,0.975,,exact_initial_form,candidate,
men:api:704,V. Uzhylovskyi,men,unmapped,low,,,,,,,,,,,,,,no_candidate,
men:api:7078,Ja. Delaney,men,ambiguous,low,,,,,,,1,men:sackmann:117359,Jake Delaney,247,0.975,0.0,exact_initial_form,manual_review,
men:api:7078,Ja. Delaney,men,ambiguous,low,,,,,,,2,men:sackmann:202334,Jesse Delaney,135,0.975,,exact_initial_form,candidate,
men:api:71651,M. Frohlich,men,unmapped,low,,,,,,,,,,,,,,no_candidate,
men:api:74446,D. Shirokyi,men,unmapped,low,,,,,,,,,,,,,,no_candidate,
men:api:757,B. Atlangeriev,men,ambiguous,low,,,,,,,1,men:sackmann:210065,Bekhan Atlangeriev,74,0.975,0.0,exact_initial_form,manual_review,
men:api:757,B. Atlangeriev,men,ambiguous,low,,,,,,,2,men:sackmann:208003,Bekkhan Atlangeriev,9,0.975,,exact_initial_form,candidate,
men:api:76298,B. Seleznev,men,unmapped,low,,,,,,,,,,,,,,no_candidate,
men:api:78983,T. Behrmann,men,unmapped,low,,,,,,,,,,,,,,no_candidate,
men:api:796,Y. Bu,men,unmapped,low,,,,,,,,,,,,,,no_candidate,
men:api:79642,F. Zakaria,men,unmapped,low,,,,,,,,,,,,,,no_candidate,
men:api:82135,B. O'Connell,men,ambiguous,low,,,,,,,1,men:sackmann:213206,Benjamin O'Connell,38,0.975,0.0,exact_initial_form,manual_review,
men:api:82135,B. O'Connell,men,ambiguous,low,,,,,,,2,men:sackmann:206736,Benjamin O'Connell,1,0.975,,exact_initial_form,candidate,
men:api:82785,N. Robert,men,unmapped,low,,,,,,,,,,,,,,no_candidate,
men:api:83228,A. Aiukhanov,men,ambiguous,low,,,,,,,1,men:sackmann:213849,Artur Aiukhanov,3,0.975,0.0,exact_initial_form,manual_review,
men:api:83228,A. Aiukhanov,men,ambiguous,low,,,,,,,2,men:sackmann:214590,Alan Aiukhanov,3,0.975,,exact_initial_form,candidate,
men:api:83534,Cho Seung Woo,men,unmapped,low,,,,,,,,,,,,,,no_candidate,
men:api:83545,J. Vrba,men,ambiguous,low,,,,,,,1,men:sackmann:213551,Jakub Vrba,5,0.975,0.0,exact_initial_form,manual_review,
men:api:83545,J. Vrba,men,ambiguous,low,,,,,,,2,men:sackmann:149107,Jakub Vrba,1,0.975,,exact_initial_form,candidate,
men:api:83915,P. Pradat,men,unmapped,low,,,,,,,,,,,,,,no_candidate,
men:api:83917,B. Geldof,men,unmapped,low,,,,,,,,,,,,,,no_candidate,
men:api:840,S. Popovic,men,ambiguous,low,,,,,,,1,men:sackmann:209251,Stefan Popovic,233,0.975,0.0,exact_initial_form,manual_review,
men:api:840,S. Popovic,men,ambiguous,low,,,,,,,2,men:sackmann:209877,Stevan Popovic,16,0.975,,exact_initial_form,candidate,
men:api:84405,E. Betti,men,unmapped,low,,,,,,,,,,,,,,no_candidate,
men:api:8579,M. Cho,men,unmapped,low,,,,,,,,,,,,,,no_candidate,
men:api:8649,P. O. Fellin,men,ambiguous,low,,,,,,,1,men:sackmann:209165,Pietro Orlando Fellin,88,0.975,0.0,multi_initial_surname,manual_review,
men:api:8649,P. O. Fellin,men,ambiguous,low,,,,,,,2,men:sackmann:209264,Pietro Fellin,36,0.975,,exact_initial_form,candidate,
men:api:8655,N. Makhlouf,men,unmapped,low,,,,,,,,,,,,,,no_candidate,
men:api:89204,A. Rusher,men,ambiguous,low,,,,,,,1,men:sackmann:212049,Azariah Rusher,4,0.975,0.0,exact_initial_form,manual_review,
men:api:89204,A. Rusher,men,ambiguous,low,,,,,,,2,men:sackmann:213837,Agassi Rusher,2,0.975,,exact_initial_form,candidate,
men:api:90024,F. L. Storck,men,unmapped,low,,,,,,,,,,,,,,no_candidate,
men:api:90116,A. Aiukhanov,men,ambiguous,low,,,,,,,1,men:sackmann:213849,Artur Aiukhanov,3,0.975,0.0,exact_initial_form,manual_review,
men:api:90116,A. Aiukhanov,men,ambiguous,low,,,,,,,2,men:sackmann:214590,Alan Aiukhanov,3,0.975,,exact_initial_form,candidate,
men:api:90131,K. Kang,men,ambiguous,low,,,,,,,1,men:sackmann:210320,Kyle Kang,93,0.975,0.0,exact_initial_form,manual_review,
men:api:90131,K. Kang,men,ambiguous,low,,,,,,,2,men:sackmann:111580,Ku Keon Kang,8,0.975,,exact_initial_form,candidate,
men:api:90131,K. Kang,men,ambiguous,low,,,,,,,3,men:sackmann:214011,Kaigaoge Kang,6,0.975,,exact_initial_form,candidate,
men:api:902,J. Mensik,men,ambiguous,low,,,,,,,1,men:sackmann:210150,Jakub Mensik,212,0.975,0.0,exact_initial_form,manual_review,
men:api:902,J. Mensik,men,ambiguous,low,,,,,,,2,men:sackmann:210084,Jakub Mensik,11,0.975,,exact_initial_form,candidate,
men:api:91821,V. Cunha,men,unmapped,low,,,,,,,,,,,,,,no_candidate,
men:api:9193,J. K. Trotter,men,ambiguous,low,,,,,,,1,men:sackmann:208389,James Trotter,160,0.975,0.0,exact_initial_form,manual_review,
men:api:9193,J. K. Trotter,men,ambiguous,low,,,,,,,2,men:sackmann:208801,James Kent Trotter,10,0.975,,multi_initial_surname,candidate,
men:api:9221,J. A. Rodriguez,men,ambiguous,low,,,,,,,1,men:sackmann:208909,Johan Alexander Rodriguez Rodriguez,104,0.975,0.0,multi_initial_surname,manual_review,
men:api:9221,J. A. Rodriguez,men,ambiguous,low,,,,,,,2,men:sackmann:213968,Juan Jose Neira Rodriguez,2,0.975,,exact_initial_form,candidate,
men:api:9221,J. A. Rodriguez,men,ambiguous,low,,,,,,,3,men:sackmann:212560,Jorge Andres Rodriguez,1,0.975,,multi_initial_surname,candidate,
men:api:9221,J. A. Rodriguez,men,ambiguous,low,,,,,,,4,men:sackmann:211642,Damian Rodriguez,4,0.706207,,same_last,candidate,
men:api:9229,V. C. Loureiro J.,men,unmapped,low,,,,,,,,,,,,,,no_candidate,
men:api:92862,D. N. Stoot,men,unmapped,low,,,,,,,,,,,,,,no_candidate,
men:api:92968,I. B. Petre S.,men,unmapped,low,,,,,,,,,,,,,,no_candidate,
men:api:93298,F. J. Rivadeneira Gallegos,men,unmapped,low,,,,,,,,,,,,,,no_candidate,
men:api:93728,W. B. Lee,men,ambiguous,low,,,,,,,1,men:sackmann:214333,Woong Bi Lee,6,0.975,0.0,multi_initial_surname,manual_review,
men:api:93728,W. B. Lee,men,ambiguous,low,,,,,,,2,men:sackmann:214233,Woong Chan Lee,2,0.975,,exact_initial_form,candidate,
men:api:95164,O. Majdandzic,men,unmapped,low,,,,,,,1,men:sackmann:212269,Marc Majdandzic,87,0.746667,0.746667,same_last,weak_candidate,
men:api:95212,K. Watanabe,men,unmapped,low,,,,,,,1,men:sackmann:208874,Seita Watanabe,59,0.7,0.7,same_last,weak_candidate,
men:api:95473,T. Rosenkranz-Konig,men,unmapped,low,,,,,,,1,men:sackmann:214398,Timo Rosenkranz Koenig,4,0.768,0.768,same_initial,weak_candidate,
women:api:1023,Y. Y. Yang,women,ambiguous,low,,,,,,,1,women:sackmann:215820,Yidi Yang,215,0.975,0.0,exact_initial_form,manual_review,
women:api:1023,Y. Y. Yang,women,ambiguous,low,,,,,,,2,women:sackmann:222390,Ya Yi Yang,147,0.975,,multi_initial_surname,candidate,
women:api:1023,Y. Y. Yang,women,ambiguous,low,,,,,,,3,women:sackmann:269728,Yejin Yang,2,0.975,,exact_initial_form,candidate,
women:api:102570,G. Mais,women,unmapped,low,,,,,,,,,,,,,,no_candidate,
women:api:102790,S. S. Challarapu R. V.,women,unmapped,low,,,,,,,,,,,,,,no_candidate,
women:api:102993,E. Dotsenko,women,unmapped,low,,,,,,,,,,,,,,no_candidate,
women:api:102994,M. V. Pop,women,unmapped,low,,,,,,,,,,,,,,no_candidate,
women:api:1030,V. Bokova,women,unmapped,low,,,,,,,,,,,,,,no_candidate,
women:api:103004,E. Gomes,women,unmapped,low,,,,,,,,,,,,,,no_candidate,
women:api:103747,H. Shabanpour,women,unmapped,low,,,,,,,,,,,,,,no_candidate,
women:api:103748,V. Granichka,women,unmapped,low,,,,,,,,,,,,,,no_candidate,
women:api:103751,J. A. Abendroth,women,unmapped,low,,,,,,,,,,,,,,no_candidate,
women:api:103769,N. Kha,women,unmapped,low,,,,,,,,,,,,,,no_candidate,
women:api:103774,S. Holod,women,unmapped,low,,,,,,,,,,,,,,no_candidate,
women:api:103787,M. Steinkamp,women,unmapped,low,,,,,,,,,,,,,,no_candidate,
women:api:10893,Mushika Mio,women,unmapped,low,,,,,,,,,,,,,,no_candidate,
women:api:10895,L. Taylor,women,ambiguous,low,,,,,,,1,women:sackmann:259576,Lily Taylor,24,0.975,0.0,exact_initial_form,manual_review,
women:api:10895,L. Taylor,women,ambiguous,low,,,,,,,2,women:sackmann:266485,Lily Taylor,1,0.975,,exact_initial_form,candidate,
women:api:10895,L. Taylor,women,ambiguous,low,,,,,,,3,women:sackmann:270037,Alicia Taylor,3,0.708571,,same_last,candidate,
women:api:10924,E. Jones,women,ambiguous,low,,,,,,,1,women:sackmann:263644,Emerson Jones,131,0.975,0.0,exact_initial_form,manual_review,
women:api:10924,E. Jones,women,ambiguous,low,,,,,,,2,women:sackmann:200992,Elizabeth Jones,1,0.975,,exact_initial_form,candidate,
women:api:1122,A. Tikhonova,women,ambiguous,low,,,,,,,1,women:sackmann:221073,Anastasia Tikhonova,199,0.975,0.0,exact_initial_form,manual_review,
women:api:1122,A. Tikhonova,women,ambiguous,low,,,,,,,2,women:sackmann:270431,Alina Tikhonova,14,0.975,,exact_initial_form,candidate,
women:api:11487,M. E. Reasco Gonzalez,women,ambiguous,low,,,,,,,1,women:sackmann:211864,Maria Fernanda Herazo Gonzalez,159,0.975,0.0,exact_initial_form,manual_review,
women:api:11487,M. E. Reasco Gonzalez,women,ambiguous,low,,,,,,,2,women:sackmann:221242,Mell Elizabeth Reasco Gonzalez,84,0.975,,multi_initial_surname,candidate,
women:api:11487,M. E. Reasco Gonzalez,women,ambiguous,low,,,,,,,3,women:sackmann:258523,Mayra Arce Gonzalez,2,0.975,,exact_initial_form,candidate,
women:api:1151,G. Ruse,women,unmapped,low,,,,,,,,,,,,,,no_candidate,
women:api:11584,N. Sato,women,ambiguous,low,,,,,,,1,women:sackmann:220997,Naho Sato,198,0.975,0.0,exact_initial_form,manual_review,
women:api:11584,N. Sato,women,ambiguous,low,,,,,,,2,women:sackmann:260782,Nanaka Sato,2,0.975,,exact_initial_form,candidate,
women:api:13071,N. Kawagishi,women,ambiguous,low,,,,,,,1,women:sackmann:221771,Nana Kawagishi,101,0.975,0.0,exact_initial_form,manual_review,
women:api:13071,N. Kawagishi,women,ambiguous,low,,,,,,,2,women:sackmann:244078,Nana Kawagishi,38,0.975,,exact_initial_form,candidate,
women:api:13411,A. Zolotareva,women,ambiguous,low,,,,,,,1,women:sackmann:221209,Anastasia Zolotareva,178,0.975,0.0,exact_initial_form,manual_review,
women:api:13411,A. Zolotareva,women,ambiguous,low,,,,,,,2,women:sackmann:214285,Alina Zolotareva,1,0.975,,exact_initial_form,candidate,
women:api:13411,A. Zolotareva,women,ambiguous,low,,,,,,,3,women:sackmann:260951,Rada Zolotareva,91,0.8,,same_last,candidate,
women:api:135,M. Bassols,women,unmapped,low,,,,,,,,,,,,,,no_candidate,
women:api:13538,A. Chanta,women,ambiguous,low,,,,,,,1,women:sackmann:223005,Anchisa Chanta,131,0.975,0.0,exact_initial_form,manual_review,
women:api:13538,A. Chanta,women,ambiguous,low,,,,,,,2,women:sackmann:220598,Aunchisa Chanta,1,0.975,,exact_initial_form,candidate,
women:api:1358,A. Lutkemeyer,women,unmapped,low,,,,,,,,,,,,,,no_candidate,
women:api:1362,C. Wu Ho,women,unmapped,low,,,,,,,,,,,,,,no_candidate,
women:api:1384,Y. Yang,women,ambiguous,low,,,,,,,1,women:sackmann:215820,Yidi Yang,215,0.975,0.0,exact_initial_form,manual_review,
women:api:1384,Y. Yang,women,ambiguous,low,,,,,,,2,women:sackmann:222390,Ya Yi Yang,147,0.975,,exact_initial_form,candidate,
women:api:1384,Y. Yang,women,ambiguous,low,,,,,,,3,women:sackmann:269728,Yejin Yang,2,0.975,,exact_initial_form,candidate,
women:api:1384,Y. Yang,women,ambiguous,low,,,,,,,4,women:sackmann:216015,Ziyi Yang,5,0.736,,same_last,candidate,
women:api:1384,Y. Yang,women,ambiguous,low,,,,,,,5,women:sackmann:270340,Chuyi Yang,2,0.7,,same_last,candidate,
women:api:13865,L. Alhussein,women,unmapped,low,,,,,,,,,,,,,,no_candidate,
women:api:13987,A. Sobolieva,women,unmapped,low,,,,,,,,,,,,,,no_candidate,
women:api:1415,M. Herazo Gonzalez,women,ambiguous,low,,,,,,,1,women:sackmann:211864,Maria Fernanda Herazo Gonzalez,159,0.975,0.0,exact_initial_form,manual_review,
women:api:1415,M. Herazo Gonzalez,women,ambiguous,low,,,,,,,2,women:sackmann:221242,Mell Elizabeth Reasco Gonzalez,84,0.975,,exact_initial_form,candidate,
women:api:1415,M. Herazo Gonzalez,women,ambiguous,low,,,,,,,3,women:sackmann:258523,Mayra Arce Gonzalez,2,0.975,,exact_initial_form,candidate,
women:api:142,G. Maristany,women,unmapped,low,,,,,,,,,,,,,,no_candidate,
women:api:14547,A. Korneeva,women,ambiguous,low,,,,,,,1,women:sackmann:252499,Alina Korneeva,144,0.975,0.0,exact_initial_form,manual_review,
women:api:14547,A. Korneeva,women,ambiguous,low,,,,,,,2,women:sackmann:269758,Alexandra Korneeva,2,0.975,,exact_initial_form,candidate,
women:api:15341,A. Stevens,women,ambiguous,low,,,,,,,1,women:sackmann:264278,Alice Stevens,5,0.975,0.0,exact_initial_form,manual_review,
women:api:15341,A. Stevens,women,ambiguous,low,,,,,,,2,women:sackmann:265599,Alfee Stevens,1,0.975,,exact_initial_form,candidate,
women:api:15344,J. Adams,women,ambiguous,low,,,,,,,1,women:sackmann:266450,Julia Adams,172,0.975,0.0,exact_initial_form,manual_review,
women:api:15344,J. Adams,women,ambiguous,low,,,,,,,2,women:sackmann:221863,Jasmine Adams,6,0.975,,exact_initial_form,candidate,
women:api:17,F. Dell'Edera,women,unmapped,low,,,,,,,1,women:sackmann:214974,Francesca Delledera,62,0.975,0.975,exact_initial_form,safe_override,"{""women:api:17"": ""women:sackmann:214974""}"
women:api:18071,Ma. Garcia Cid,women,ambiguous,low,,,,,,,1,women:sackmann:225850,Maria Garcia Cid,69,0.975,0.0,exact_initial_form,manual_review,
women:api:18071,Ma. Garcia Cid,women,ambiguous,low,,,,,,,2,women:sackmann:259776,Mercedes Garcia Cid,1,0.975,,exact_initial_form,candidate,
women:api:1812,Xin. Wang,women,ambiguous,low,,,,,,,1,women:sackmann:216133,Xin Yu Wang,196,0.975,0.0,exact_initial_form,manual_review,
women:api:1812,Xin. Wang,women,ambiguous,low,,,,,,,2,women:sackmann:216016,Xiyu Wang,172,0.975,,exact_initial_form,candidate,
women:api:1812,Xin. Wang,women,ambiguous,low,,,,,,,3,women:sackmann:252491,Xin Tong Wang,39,0.975,,exact_initial_form,candidate,
women:api:1812,Xin. Wang,women,ambiguous,low,,,,,,,4,women:sackmann:270213,Xiaotong Wang,3,0.975,,exact_initial_form,candidate,
women:api:1812,Xin. Wang,women,ambiguous,low,,,,,,,5,women:sackmann:264050,Xinyi Wang,3,0.975,,exact_initial_form,candidate,
women:api:2024,Mat. Mariani,women,ambiguous,low,,,,,,,1,women:sackmann:220343,Matilde Mariani,95,0.975,0.0,exact_initial_form,manual_review,
women:api:2024,Mat. Mariani,women,ambiguous,low,,,,,,,2,women:sackmann:264972,Marta Mariani,3,0.975,,exact_initial_form,candidate,
women:api:20381,K. Diatlova,women,unmapped,low,,,,,,,1,women:sackmann:241023,Daria Diatlova,8,0.7,0.7,same_last,weak_candidate,
women:api:205,S. Park,women,ambiguous,low,,,,,,,1,women:sackmann:216213,Sohyun Park,208,0.975,0.0,exact_initial_form,manual_review,
women:api:205,S. Park,women,ambiguous,low,,,,,,,2,women:sackmann:220667,Subin Park,19,0.975,,exact_initial_form,candidate,
women:api:205,S. Park,women,ambiguous,low,,,,,,,3,women:sackmann:221268,Seo Yeon Park,1,0.975,,exact_initial_form,candidate,
women:api:205,S. Park,women,ambiguous,low,,,,,,,4,women:sackmann:267421,Yeseo Park,3,0.7,,same_last,candidate,
women:api:20694,A. Brune,women,unmapped,low,,,,,,,,,,,,,,no_candidate,
women:api:2115,G. Parentini,women,unmapped,low,,,,,,,,,,,,,,no_candidate,
women:api:2120,J. Konishi Silva,women,ambiguous,low,,,,,,,1,women:sackmann:220578,Julia Konishi Camargo Silva,139,0.975,0.0,exact_initial_form,manual_review,
women:api:2120,J. Konishi Silva,women,ambiguous,low,,,,,,,2,women:sackmann:214771,Johanna Silva,84,0.975,,exact_initial_form,candidate,
women:api:22317,X. T. Wang,women,ambiguous,low,,,,,,,1,women:sackmann:216133,Xin Yu Wang,196,0.975,0.0,exact_initial_form,manual_review,
women:api:22317,X. T. Wang,women,ambiguous,low,,,,,,,2,women:sackmann:216016,Xiyu Wang,172,0.975,,exact_initial_form,candidate,
women:api:22317,X. T. Wang,women,ambiguous,low,,,,,,,3,women:sackmann:252491,Xin Tong Wang,39,0.975,,multi_initial_surname,candidate,
women:api:22317,X. T. Wang,women,ambiguous,low,,,,,,,4,women:sackmann:270213,Xiaotong Wang,3,0.975,,exact_initial_form,candidate,
women:api:22317,X. T. Wang,women,ambiguous,low,,,,,,,5,women:sackmann:264050,Xinyi Wang,3,0.975,,exact_initial_form,candidate,
women:api:2263,M. Wang,women,ambiguous,low,,,,,,,1,women:sackmann:216062,Meiling Wang,134,0.975,0.0,exact_initial_form,manual_review,
women:api:2263,M. Wang,women,ambiguous,low,,,,,,,2,women:sackmann:267505,Meixi Wang,1,0.975,,exact_initial_form,candidate,
women:api:2270,A. James,women,ambiguous,low,,,,,,,1,women:sackmann:263710,Alexandra James,4,0.975,0.0,exact_initial_form,manual_review,
women:api:2270,A. James,women,ambiguous,low,,,,,,,2,women:sackmann:270479,Alyssa James,1,0.975,,exact_initial_form,candidate,
women:api:23806,M. L. Oliveira,women,ambiguous,low,,,,,,,1,women:sackmann:254739,Maria Luisa Oliveira,20,0.975,0.0,multi_initial_surname,manual_review,
women:api:23806,M. L. Oliveira,women,ambiguous,low,,,,,,,2,women:sackmann:265678,Maria Ines Santos Oliveira,1,0.975,,exact_initial_form,candidate,
women:api:23806,M. L. Oliveira,women,ambiguous,low,,,,,,,3,women:sackmann:223389,Emily De Oliveira,18,0.706207,,same_last,candidate,
women:api:24284,J. Dourado Zimermman,women,unmapped,low,,,,,,,,,,,,,,no_candidate,
women:api:2566,C. Wong Hong Yi,women,unmapped,low,,,,,,,,,,,,,,no_candidate,
women:api:2576,A. Kucmova,women,unmapped,low,,,,,,,,,,,,,,no_candidate,
women:api:2578,T. Wuerth,women,unmapped,low,,,,,,,,,,,,,,no_candidate,
women:api:26931,E. Lee,women,ambiguous,low,,,,,,,1,women:sackmann:215501,Eunhye Lee,192,0.975,0.0,exact_initial_form,manual_review,
women:api:26931,E. Lee,women,ambiguous,low,,,,,,,2,women:sackmann:221269,Eunji Lee,54,0.975,,exact_initial_form,candidate,
women:api:26931,E. Lee,women,ambiguous,low,,,,,,,3,women:sackmann:222546,Eun Ji Lee,39,0.975,,exact_initial_form,candidate,
women:api:26931,E. Lee,women,ambiguous,low,,,,,,,4,women:sackmann:260127,Eun Bi Lee,6,0.975,,exact_initial_form,candidate,
women:api:26931,E. Lee,women,ambiguous,low,,,,,,,5,women:sackmann:270183,Erin Lee,1,0.975,,exact_initial_form,candidate,
women:api:29,B. Barbulescu,women,ambiguous,low,,,,,,,1,women:sackmann:266564,Bianca Elena Barbulescu,133,0.975,0.0,exact_initial_form,manual_review,
women:api:29,B. Barbulescu,women,ambiguous,low,,,,,,,2,women:sackmann:239393,Bianca Elena Barbulescu,21,0.975,,exact_initial_form,candidate,
women:api:30904,T. Hermanova,women,unmapped,low,,,,,,,,,,,,,,no_candidate,
women:api:32283,S. H. Jang,women,ambiguous,low,,,,,,,1,women:sackmann:204294,Su Jeong Jang,148,0.975,0.0,exact_initial_form,manual_review,
women:api:32283,S. H. Jang,women,ambiguous,low,,,,,,,2,women:sackmann:260122,Soo Ha Jang,39,0.975,,multi_initial_surname,candidate,
women:api:32283,S. H. Jang,women,ambiguous,low,,,,,,,3,women:sackmann:260194,Seo Hyeon Jang,17,0.975,,multi_initial_surname,candidate,
women:api:32808,G. Jang,women,ambiguous,low,,,,,,,1,women:sackmann:260638,Gaeul Jang,83,0.975,0.0,exact_initial_form,manual_review,
women:api:32808,G. Jang,women,ambiguous,low,,,,,,,2,women:sackmann:239428,Gio Jang,45,0.975,,exact_initial_form,candidate,
women:api:33851,Cam. Markus,women,ambiguous,low,,,,,,,1,women:sackmann:236967,Carla Markus,140,0.975,0.0,exact_initial_form,manual_review,
women:api:33851,Cam. Markus,women,ambiguous,low,,,,,,,2,women:sackmann:270194,Camila Markus,12,0.975,,exact_initial_form,candidate,
women:api:37163,V. N. Sarganella,women,unmapped,low,,,,,,,,,,,,,,no_candidate,
women:api:37270,R. Zhang,women,ambiguous,low,,,,,,,1,women:sackmann:263869,Ruien Zhang,108,0.975,0.0,exact_initial_form,manual_review,
women:api:37270,R. Zhang,women,ambiguous,low,,,,,,,2,women:sackmann:261110,Renee Zhang,6,0.975,,exact_initial_form,candidate,
women:api:37270,R. Zhang,women,ambiguous,low,,,,,,,3,women:sackmann:264153,Ruixi Zhang,5,0.975,,exact_initial_form,candidate,
women:api:37270,R. Zhang,women,ambiguous,low,,,,,,,4,women:sackmann:267513,Ruojiao Zhang,2,0.975,,exact_initial_form,candidate,
women:api:37270,R. Zhang,women,ambiguous,low,,,,,,,5,women:sackmann:222082,Jin Zhang,46,0.7,,same_last,candidate,
women:api:37889,Mushika Mao,women,unmapped,low,,,,,,,,,,,,,,no_candidate,
women:api:38234,Kim Eunchae,women,unmapped,low,,,,,,,,,,,,,,no_candidate,
women:api:38259,S. Ewing,women,ambiguous,low,,,,,,,1,women:sackmann:215921,Salma Ewing,63,0.975,0.0,exact_initial_form,manual_review,
women:api:38259,S. Ewing,women,ambiguous,low,,,,,,,2,women:sackmann:260299,Salma Ewing,1,0.975,,exact_initial_form,candidate,
women:api:38938,M. Mikhaylova,women,unmapped,low,,,,,,,,,,,,,,no_candidate,
women:api:38983,A. Melnikova,women,unmapped,low,,,,,,,1,women:sackmann:203379,Marina Melnikova,83,0.746667,0.746667,same_last,weak_candidate,
women:api:39077,H. Sato,women,ambiguous,low,,,,,,,1,women:sackmann:221141,Hikaru Sato,173,0.975,0.0,exact_initial_form,manual_review,
women:api:39077,H. Sato,women,ambiguous,low,,,,,,,2,women:sackmann:216156,Himari Sato,80,0.975,,exact_initial_form,candidate,
women:api:39077,H. Sato,women,ambiguous,low,,,,,,,3,women:sackmann:220997,Naho Sato,198,0.736,,same_last,candidate,
women:api:40287,L. X. Leong S.,women,unmapped,low,,,,,,,,,,,,,,no_candidate,
women:api:4112,Y. Kim,women,ambiguous,low,,,,,,,1,women:sackmann:264973,Yujin Kim,109,0.975,0.0,exact_initial_form,manual_review,
women:api:4112,Y. Kim,women,ambiguous,low,,,,,,,2,women:sackmann:264005,Ye Eun Kim,17,0.975,,exact_initial_form,candidate,
women:api:4112,Y. Kim,women,ambiguous,low,,,,,,,3,women:sackmann:263841,Yana Kim,10,0.975,,exact_initial_form,candidate,
women:api:4112,Y. Kim,women,ambiguous,low,,,,,,,4,women:sackmann:220669,Ye Jin Kim,8,0.975,,exact_initial_form,candidate,
women:api:4112,Y. Kim,women,ambiguous,low,,,,,,,5,women:sackmann:222497,Youna Kim,8,0.975,,exact_initial_form,candidate,
women:api:460,M. Uchijima,women,ambiguous,low,,,,,,,1,women:sackmann:220416,Moyuka Uchijima,234,0.975,0.0,exact_initial_form,manual_review,
women:api:460,M. Uchijima,women,ambiguous,low,,,,,,,2,women:sackmann:264134,Maiko Uchijima,11,0.975,,exact_initial_form,candidate,
women:api:462,L. Miyazaki,women,unmapped,low,,,,,,,,,,,,,,no_candidate,
women:api:463,Xiy. Wang,women,ambiguous,low,,,,,,,1,women:sackmann:216133,Xin Yu Wang,196,0.975,0.0,exact_initial_form,manual_review,
women:api:463,Xiy. Wang,women,ambiguous,low,,,,,,,2,women:sackmann:216016,Xiyu Wang,172,0.975,,exact_initial_form,candidate,
women:api:463,Xiy. Wang,women,ambiguous,low,,,,,,,3,women:sackmann:252491,Xin Tong Wang,39,0.975,,exact_initial_form,candidate,
women:api:463,Xiy. Wang,women,ambiguous,low,,,,,,,4,women:sackmann:270213,Xiaotong Wang,3,0.975,,exact_initial_form,candidate,
women:api:463,Xiy. Wang,women,ambiguous,low,,,,,,,5,women:sackmann:264050,Xinyi Wang,3,0.975,,exact_initial_form,candidate,
women:api:4802,C. Werner,women,unmapped,low,,,,,,,,,,,,,,no_candidate,
women:api:50792,R. Goto,women,ambiguous,low,,,,,,,1,women:sackmann:260737,Reina Goto,60,0.975,0.0,exact_initial_form,manual_review,
women:api:50792,R. Goto,women,ambiguous,low,,,,,,,2,women:sackmann:270536,Riho Goto,1,0.975,,exact_initial_form,candidate,
women:api:51003,K. Mrazikova,women,ambiguous,low,,,,,,,1,women:sackmann:233725,Karolina Mrazikova,77,0.975,0.0,exact_initial_form,manual_review,
women:api:51003,K. Mrazikova,women,ambiguous,low,,,,,,,2,women:sackmann:254751,Kristina Mrazikova,9,0.975,,exact_initial_form,candidate,
women:api:52653,A. Nguyen,women,ambiguous,low,,,,,,,1,women:sackmann:260787,Alexis Nguyen,74,0.975,0.0,exact_initial_form,manual_review,
women:api:52653,A. Nguyen,women,ambiguous,low,,,,,,,2,women:sackmann:269715,Avery Nguyen,8,0.975,,exact_initial_form,candidate,
women:api:53951,L. Ma,women,ambiguous,low,,,,,,,1,women:sackmann:221220,Lea Ma,164,0.975,0.0,exact_initial_form,manual_review,
women:api:53951,L. Ma,women,ambiguous,low,,,,,,,2,women:sackmann:216019,Lin Ma,1,0.975,,exact_initial_form,candidate,
women:api:54092,I. T. Sava,women,ambiguous,low,,,,,,,1,women:sackmann:266532,Ioana Teodora Sava,64,0.975,0.0,multi_initial_surname,manual_review,
women:api:54092,I. T. Sava,women,ambiguous,low,,,,,,,2,women:sackmann:260526,Ioana Teodora Sava,14,0.975,,multi_initial_surname,candidate,
women:api:54661,S. Ye,women,ambiguous,low,,,,,,,1,women:sackmann:264085,Shiyu Ye,72,0.975,0.0,exact_initial_form,manual_review,
women:api:54661,S. Ye,women,ambiguous,low,,,,,,,2,women:sackmann:270205,Sarah Ye,7,0.975,,exact_initial_form,candidate,
women:api:55157,B. Black,women,ambiguous,low,,,,,,,1,women:sackmann:266682,Brooke Black,40,0.975,0.0,exact_initial_form,manual_review,
women:api:55157,B. Black,women,ambiguous,low,,,,,,,2,women:sackmann:265657,Brooke Black,5,0.975,,exact_initial_form,candidate,
women:api:55157,B. Black,women,ambiguous,low,,,,,,,3,women:sackmann:259607,Brooke Black,2,0.975,,exact_initial_form,candidate,
women:api:55518,M. Biro,women,ambiguous,low,,,,,,,1,women:sackmann:267406,Melinda Biro,7,0.975,0.0,exact_initial_form,manual_review,
women:api:55518,M. Biro,women,ambiguous,low,,,,,,,2,women:sackmann:267256,Melinda Biro,1,0.975,,exact_initial_form,candidate,
women:api:5683,J. Wang,women,ambiguous,low,,,,,,,1,women:sackmann:221181,Jiaqi Wang,240,0.975,0.0,exact_initial_form,manual_review,
women:api:5683,J. Wang,women,ambiguous,low,,,,,,,2,women:sackmann:265692,Jiayi Wang,86,0.975,,exact_initial_form,candidate,
women:api:5683,J. Wang,women,ambiguous,low,,,,,,,3,women:sackmann:264260,Jing Wang,3,0.975,,exact_initial_form,candidate,
women:api:56997,Huang Yujia,women,unmapped,low,,,,,,,,,,,,,,no_candidate,
women:api:5722,W. Zheng,women,ambiguous,low,,,,,,,1,women:sackmann:213821,Wushuang Zheng,166,0.975,0.0,exact_initial_form,manual_review,
women:api:5722,W. Zheng,women,ambiguous,low,,,,,,,2,women:sackmann:221389,Wei Zheng,70,0.975,,exact_initial_form,candidate,
women:api:57751,A. Roots,women,ambiguous,low,,,,,,,1,women:sackmann:222918,Andrea Roots,51,0.975,0.0,exact_initial_form,manual_review,
women:api:57751,A. Roots,women,ambiguous,low,,,,,,,2,women:sackmann:260931,Adriana Roots,1,0.975,,exact_initial_form,candidate,
women:api:58205,N. Lee,women,ambiguous,low,,,,,,,1,women:sackmann:264117,Nayoung Lee,5,0.975,0.0,exact_initial_form,manual_review,
women:api:58205,N. Lee,women,ambiguous,low,,,,,,,2,women:sackmann:270052,Nancy Lee,1,0.975,,exact_initial_form,candidate,
women:api:58205,N. Lee,women,ambiguous,low,,,,,,,3,women:sackmann:270183,Erin Lee,1,0.713846,,same_last,candidate,
women:api:58612,Y. Sun,women,ambiguous,low,,,,,,,1,women:sackmann:264029,Yingqun Sun,107,0.975,0.0,exact_initial_form,manual_review,
women:api:58612,Y. Sun,women,ambiguous,low,,,,,,,2,women:sackmann:262880,Yifan Sun,74,0.975,,exact_initial_form,candidate,
women:api:62139,Y. Kim,women,ambiguous,low,,,,,,,1,women:sackmann:264973,Yujin Kim,109,0.975,0.0,exact_initial_form,manual_review,
women:api:62139,Y. Kim,women,ambiguous,low,,,,,,,2,women:sackmann:264005,Ye Eun Kim,17,0.975,,exact_initial_form,candidate,
women:api:62139,Y. Kim,women,ambiguous,low,,,,,,,3,women:sackmann:263841,Yana Kim,10,0.975,,exact_initial_form,candidate,
women:api:62139,Y. Kim,women,ambiguous,low,,,,,,,4,women:sackmann:220669,Ye Jin Kim,8,0.975,,exact_initial_form,candidate,
women:api:62139,Y. Kim,women,ambiguous,low,,,,,,,5,women:sackmann:222497,Youna Kim,8,0.975,,exact_initial_form,candidate,
women:api:63417,W. Wan I,women,unmapped,low,,,,,,,,,,,,,,no_candidate,
women:api:63420,J. Zhang,women,ambiguous,low,,,,,,,1,women:sackmann:260694,Junhan Zhang,90,0.975,0.0,exact_initial_form,manual_review,
women:api:63420,J. Zhang,women,ambiguous,low,,,,,,,2,women:sackmann:260795,Jiale Zhang,52,0.975,,exact_initial_form,candidate,
women:api:63420,J. Zhang,women,ambiguous,low,,,,,,,3,women:sackmann:222082,Jin Zhang,46,0.975,,exact_initial_form,candidate,
women:api:6514,A. Walker,women,unmapped,low,,,,,,,1,women:sackmann:260370,Lara Walker,15,0.766316,0.057745,same_last,weak_candidate,
women:api:6514,A. Walker,women,unmapped,low,,,,,,,2,women:sackmann:249659,Brandy Walker,78,0.708571,,same_last,candidate,
women:api:65787,Ohwaki Yui,women,unmapped,low,,,,,,,,,,,,,,no_candidate,
women:api:6687,Z. Safarova,women,ambiguous,low,,,,,,,1,women:sackmann:221214,Zdena Safarova,32,0.975,0.0,exact_initial_form,manual_review,
women:api:6687,Z. Safarova,women,ambiguous,low,,,,,,,2,women:sackmann:214842,Zuleykha Safarova,1,0.975,,exact_initial_form,candidate,
women:api:6687,Z. Safarova,women,ambiguous,low,,,,,,,3,women:sackmann:201425,Lucie Safarova,4,0.7,,same_last,candidate,
women:api:67444,S. Llewellyn,women,ambiguous,low,,,,,,,1,women:sackmann:266686,Sophie Llewellyn,16,0.975,0.0,exact_initial_form,manual_review,
women:api:67444,S. Llewellyn,women,ambiguous,low,,,,,,,2,women:sackmann:265712,Sophie Llewellyn,2,0.975,,exact_initial_form,candidate,
women:api:70300,S. Y. Cheuk,women,unmapped,low,,,,,,,,,,,,,,no_candidate,
women:api:70676,G. Nemcsek,women,ambiguous,low,,,,,,,1,women:sackmann:267407,Greta Nemcsek,4,0.975,0.0,exact_initial_form,manual_review,
women:api:70676,G. Nemcsek,women,ambiguous,low,,,,,,,2,women:sackmann:267257,Greta Nemcsek,1,0.975,,exact_initial_form,candidate,
women:api:7125,A. Gupta,women,ambiguous,low,,,,,,,1,women:sackmann:259987,Aaddi Gupta,92,0.975,0.0,exact_initial_form,manual_review,
women:api:7125,A. Gupta,women,ambiguous,low,,,,,,,2,women:sackmann:257896,Avishka Gupta,10,0.975,,exact_initial_form,candidate,
women:api:71661,K. Zajickova,women,unmapped,low,,,,,,,,,,,,,,no_candidate,
women:api:71935,A. Ferlito Faticanti,women,unmapped,low,,,,,,,,,,,,,,no_candidate,
women:api:73111,C. Rodero,women,ambiguous,low,,,,,,,1,women:sackmann:266658,Camila Rodero,29,0.975,0.0,exact_initial_form,manual_review,
women:api:73111,C. Rodero,women,ambiguous,low,,,,,,,2,women:sackmann:264198,Camila Rodero,5,0.975,,exact_initial_form,candidate,
women:api:73111,C. Rodero,women,ambiguous,low,,,,,,,3,women:sackmann:265632,Camila Rodero,2,0.975,,exact_initial_form,candidate,
women:api:7486,S. Saito,women,ambiguous,low,,,,,,,1,women:sackmann:260170,Sara Saito,187,0.975,0.0,exact_initial_form,manual_review,
women:api:7486,S. Saito,women,ambiguous,low,,,,,,,2,women:sackmann:263836,Sakura Saito,1,0.975,,exact_initial_form,candidate,
women:api:7926,Y. Chen,women,ambiguous,low,,,,,,,1,women:sackmann:266372,Yiru Chen,30,0.975,0.0,exact_initial_form,manual_review,
women:api:7926,Y. Chen,women,ambiguous,low,,,,,,,2,women:sackmann:221697,Yu Chen,20,0.975,,exact_initial_form,candidate,
women:api:7926,Y. Chen,women,ambiguous,low,,,,,,,3,women:sackmann:260555,Yuyun Chen,15,0.975,,exact_initial_form,candidate,
women:api:7926,Y. Chen,women,ambiguous,low,,,,,,,4,women:sackmann:267467,Yilin Chen,9,0.975,,exact_initial_form,candidate,
women:api:7926,Y. Chen,women,ambiguous,low,,,,,,,5,women:sackmann:267504,Yuhan Chen,3,0.975,,exact_initial_form,candidate,
women:api:80294,Y. J. Lin,women,ambiguous,low,,,,,,,1,women:sackmann:268787,Yu Jun Lin,14,0.975,0.0,multi_initial_surname,manual_review,
women:api:80294,Y. J. Lin,women,ambiguous,low,,,,,,,2,women:sackmann:267207,Yu Chen Lin,11,0.975,,exact_initial_form,candidate,
women:api:80294,Y. J. Lin,women,ambiguous,low,,,,,,,3,women:sackmann:267507,Yishuang Lin,3,0.975,,exact_initial_form,candidate,
women:api:81646,K. N. Kucikova,women,ambiguous,low,,,,,,,1,women:sackmann:266562,Kiara Nina Kucikova,8,0.975,0.0,multi_initial_surname,manual_review,
women:api:81646,K. N. Kucikova,women,ambiguous,low,,,,,,,2,women:sackmann:264009,Kiara Nina Kucikova,1,0.975,,multi_initial_surname,candidate,
women:api:84070,A. Adeikyte,women,ambiguous,low,,,,,,,1,women:sackmann:267773,Anastasija Adeikyte,4,0.975,0.0,exact_initial_form,manual_review,
women:api:84070,A. Adeikyte,women,ambiguous,low,,,,,,,2,women:sackmann:263655,Anastasija Adeikyte,2,0.975,,exact_initial_form,candidate,
women:api:84316,Y. Zhytelna,women,unmapped,low,,,,,,,,,,,,,,no_candidate,
women:api:85999,Y. Wang,women,ambiguous,low,,,,,,,1,women:sackmann:206374,Yafan Wang,139,0.975,0.0,exact_initial_form,manual_review,
women:api:85999,Y. Wang,women,ambiguous,low,,,,,,,2,women:sackmann:264205,Yuhan Wang,47,0.975,,exact_initial_form,candidate,
women:api:85999,Y. Wang,women,ambiguous,low,,,,,,,3,women:sackmann:221303,Yuping Wang,28,0.975,,exact_initial_form,candidate,
women:api:85999,Y. Wang,women,ambiguous,low,,,,,,,4,women:sackmann:216016,Xiyu Wang,172,0.736,,same_last,candidate,
women:api:85999,Y. Wang,women,ambiguous,low,,,,,,,5,women:sackmann:265692,Jiayi Wang,86,0.7,,same_last,candidate,
women:api:87042,E. K. Malmkjaer,women,unmapped,low,,,,,,,,,,,,,,no_candidate,
women:api:89210,R. Yoshida,women,ambiguous,low,,,,,,,1,women:sackmann:267680,Riyo Yoshida,1,0.975,0.0,exact_initial_form,manual_review,
women:api:89210,R. Yoshida,women,ambiguous,low,,,,,,,2,women:sackmann:269880,Rena Yoshida,1,0.975,,exact_initial_form,candidate,
women:api:89210,R. Yoshida,women,ambiguous,low,,,,,,,3,women:sackmann:267419,Sara Yoshida,14,0.777143,,same_last,candidate,
women:api:89210,R. Yoshida,women,ambiguous,low,,,,,,,4,women:sackmann:269726,Nao Yoshida,1,0.736,,same_last,candidate,
women:api:89986,A. Kostiushkina,women,unmapped,low,,,,,,,,,,,,,,no_candidate,
women:api:90841,A. M. Coromina Boluda,women,ambiguous,low,,,,,,,1,women:sackmann:214236,Angela Fita Boluda,248,0.975,0.0,exact_initial_form,manual_review,
women:api:90841,A. M. Coromina Boluda,women,ambiguous,low,,,,,,,2,women:sackmann:269270,Alba Maria Coromina Boluda,7,0.975,,multi_initial_surname,candidate,
women:api:92109,Re. Alame,women,ambiguous,low,,,,,,,1,women:sackmann:266383,Renee Alame,10,0.975,0.0,exact_initial_form,manual_review,
women:api:92109,Re. Alame,women,ambiguous,low,,,,,,,2,women:sackmann:270281,Rianna Alame,7,0.975,,exact_initial_form,candidate,
women:api:92109,Re. Alame,women,ambiguous,low,,,,,,,3,women:sackmann:266384,Rianna Alame,1,0.975,,exact_initial_form,candidate,
women:api:92934,M. E. Carbone,women,unmapped,low,,,,,,,1,women:sackmann:222046,Greta Carbone,1,0.7,0.7,same_last,weak_candidate,
women:api:93192,A. Kyselova,women,unmapped,low,,,,,,,,,,,,,,no_candidate,
women:api:93255,D. Teodoro Souza,women,unmapped,low,,,,,,,,,,,,,,no_candidate,
women:api:95214,H. E. Lee,women,ambiguous,low,,,,,,,1,women:sackmann:270449,Ha Eum Lee,23,0.975,0.0,multi_initial_surname,manual_review,
women:api:95214,H. E. Lee,women,ambiguous,low,,,,,,,2,women:sackmann:270112,Hyunyee Lee,2,0.975,,exact_initial_form,candidate,
women:api:95214,H. E. Lee,women,ambiguous,low,,,,,,,3,women:sackmann:269747,Hyunmin Lee,1,0.975,,exact_initial_form,candidate,
women:api:95215,A. Malova,women,unmapped,low,,,,,,,,,,,,,,no_candidate,
