api_player_key,api_name,gender,mapping_status,api_matches_in_source,levels,surfaces,sample_tournaments
men:api:7078,Ja. Delaney,men,ambiguous,13,"{""itf"": 10, ""qualifying"": 3}","{""clay"": 5, ""hard"": 8}","{""M15 Karuizawa"": 5, ""M15 Harmon"": 5, ""M15 Tokyo"": 3}"
men:api:1056,A. Martin,men,ambiguous,12,"{""challenger"": 11, ""qualifying"": 1}","{""clay"": 10, ""hard"": 2}","{""Bratislava"": 4, ""Kosice"": 3, ""Prostejov"": 3, ""Tyler"": 2}"
women:api:5683,J. Wang,women,ambiguous,12,"{""itf"": 10, ""qualifying"": 2}","{""hard"": 12}","{""W35 Wuning 2 (China)"": 6, ""W50 Wuning"": 5, ""W100 Wuning (China)"": 1}"
women:api:53951,L. Ma,women,ambiguous,10,"{""itf"": 8, ""qualifying"": 2}","{""hard"": 10}","{""W35 Decatur, IL"": 5, ""W35 Wichita, KS"": 3, ""W100 Sumter"": 2}"
men:api:796,Y. Bu,men,unmapped,10,"{""challenger"": 8, ""qualifying"": 2}","{""grass"": 10}","{""Birmingham"": 5, ""Ilkley"": 5}"
women:api:13411,A. Zolotareva,women,ambiguous,9,"{""itf"": 7, ""qualifying"": 2}","{""clay"": 9}","{""W15 Kursumlijska Banja 3"": 5, ""W15 Kursumlijska Banja 4"": 4}"
women:api:56997,Huang Yujia,women,unmapped,9,"{""itf"": 7, ""qualifying"": 2}","{""hard"": 9}","{""W100 Wuning (China)"": 5, ""W50 Wuning"": 3, ""W35 Wuning 2 (China)"": 1}"
men:api:590,Z. Zhang,men,ambiguous,9,"{""atp_wta"": 2, ""challenger"": 5, ""grand_slam"": 1, ""qualifying"": 1}","{""clay"": 1, ""grass"": 8}","{""Birmingham"": 3, ""Hertogenbosch"": 3, ""Nottingham"": 2, ""French Open"": 1}"
men:api:55858,D. Dedura,men,unmapped,8,"{""atp_wta"": 2, ""challenger"": 4, ""qualifying"": 2}","{""clay"": 7, ""grass"": 1}","{""Heilbronn"": 4, ""Vicenza"": 2, ""Stuttgart"": 1, ""Halle"": 1}"
men:api:10296,D. J. Kim,men,ambiguous,8,"{""itf"": 6, ""qualifying"": 2}","{""hard"": 8}","{""M15 Gimcheon 2"": 5, ""M15 Maanshan 5"": 3}"
men:api:1270,H. Liu,men,ambiguous,8,"{""itf"": 6, ""qualifying"": 2}","{""hard"": 8}","{""M15 Luan 3"": 5, ""M15 Maanshan 5"": 3}"
men:api:2851,S. Johnson,men,ambiguous,8,"{""itf"": 6, ""qualifying"": 2}","{""hard"": 8}","{""M15 Lakewood, CA"": 4, ""M15 Los Angeles, CA"": 4}"
women:api:1384,Y. Yang,women,ambiguous,8,"{""itf"": 6, ""qualifying"": 2}","{""hard"": 8}","{""W35 Wuning 2 (China)"": 3, ""W50 Wuning"": 3, ""W100 Wuning (China)"": 2}"
women:api:1122,A. Tikhonova,women,ambiguous,7,"{""itf"": 6, ""qualifying"": 1}","{""clay"": 3, ""grass"": 4}","{""W50 Hurghada (Egypt)"": 4, ""W75 Caserta"": 2, ""W75 Zaragoza (Spain)"": 1}"
men:api:1314,D. Blanch,men,ambiguous,7,"{""challenger"": 5, ""qualifying"": 2}","{""clay"": 7}","{""Kosice"": 4, ""Lyon"": 3}"
men:api:567,E. Nava,men,ambiguous,7,"{""challenger"": 6, ""qualifying"": 1}","{""clay"": 7}","{""Heilbronn"": 5, ""Bratislava"": 2}"
women:api:39077,H. Sato,women,ambiguous,7,"{""itf"": 6, ""qualifying"": 1}","{""hard"": 7}","{""W15 Tokyo"": 5, ""W35 Wuning 2 (China)"": 2}"
men:api:9221,J. A. Rodriguez,men,ambiguous,7,"{""challenger"": 6, ""qualifying"": 1}","{""clay"": 7}","{""San Miguel de Tucuman"": 7}"
women:api:15344,J. Adams,women,ambiguous,7,"{""itf"": 5, ""qualifying"": 2}","{""clay"": 3, ""hard"": 4}","{""W15 Kayseri 4"": 4, ""W15 Szentendre (Hungary)"": 3}"
women:api:18071,Ma. Garcia Cid,women,ambiguous,7,"{""itf"": 5, ""qualifying"": 2}","{""clay"": 7}","{""W15 Ontinyent (Spain)"": 4, ""W35 Casablanca"": 3}"
men:api:8655,N. Makhlouf,men,unmapped,7,"{""itf"": 6, ""qualifying"": 1}","{""hard"": 7}","{""M15 Monastir 21"": 3, ""M15 Monastir 20"": 2, ""M15 Monastir 22"": 2}"
men:api:53004,Oh Chan-Yeong,men,unmapped,7,"{""itf"": 6, ""qualifying"": 1}","{""hard"": 7}","{""M15 Maanshan 5"": 4, ""M15 Gimcheon 2"": 2, ""M15 Harmon"": 1}"
men:api:29714,S. D'Agostino,men,unmapped,7,"{""itf"": 6, ""qualifying"": 1}","{""clay"": 7}","{""M15 Kursumlijska Banja 4"": 5, ""M15 Kursumlijska Banja 3"": 2}"
men:api:57378,Y. C. Chen,men,ambiguous,7,"{""itf"": 6, ""qualifying"": 1}","{""hard"": 7}","{""M15 Luan 2"": 5, ""M15 Luan 3"": 2}"
women:api:90841,A. M. Coromina Boluda,women,ambiguous,6,"{""itf"": 5, ""qualifying"": 1}","{""clay"": 6}","{""W15 Madrid 2"": 3, ""W15 Oliva (Spain)"": 2, ""W15 Ontinyent (Spain)"": 1}"
women:api:29,B. Barbulescu,women,ambiguous,6,"{""itf"": 5, ""qualifying"": 1}","{""clay"": 6}","{""W15 Osijek"": 3, ""W15 Szentendre (Hungary)"": 2, ""W100 Zagreb (Croatia)"": 1}"
men:api:61814,C. Cordoba,men,ambiguous,6,"{""itf"": 5, ""qualifying"": 1}","{""clay"": 6}","{""M15 Kursumlijska Banja 4"": 4, ""M15 Kursumlijska Banja 3"": 2}"
men:api:54466,C. Smith,men,ambiguous,6,"{""challenger"": 5, ""qualifying"": 1}","{""hard"": 6}","{""Little Rock"": 5, ""Tyler"": 1}"
men:api:22255,D. Azoidis,men,unmapped,6,"{""itf"": 5, ""qualifying"": 1}","{""hard"": 6}","{""M15 Kayseri 3"": 5, ""M15 Kayseri 2"": 1}"
men:api:40212,D. Salazar,men,unmapped,6,"{""challenger"": 1, ""itf"": 4, ""qualifying"": 1}","{""clay"": 6}","{""M15 Szentendre"": 3, ""M15 Brcko"": 2, ""Parma"": 1}"
women:api:102993,E. Dotsenko,women,unmapped,6,"{""grand_slam"": 6}","{""clay"": 6}","{""French Open"": 6}"
men:api:67442,L. A. Miguel,men,ambiguous,6,"{""grand_slam"": 6}","{""clay"": 6}","{""French Open"": 6}"
women:api:10895,L. Taylor,women,ambiguous,6,"{""itf"": 5, ""qualifying"": 1}","{""hard"": 6}","{""W15 Los Angeles, CA"": 3, ""W15 Lakewood, CA"": 2, ""W15 Lakewood, CA 2"": 1}"
women:api:11487,M. E. Reasco Gonzalez,women,ambiguous,6,"{""itf"": 4, ""qualifying"": 2}","{""clay"": 3, ""hard"": 3}","{""W100 Sumter"": 3, ""W35 Cuiaba"": 3}"
men:api:8649,P. O. Fellin,men,ambiguous,6,"{""challenger"": 3, ""itf"": 2, ""qualifying"": 1}","{""clay"": 6}","{""M15 Nyiregyhaza"": 3, ""Perugia"": 2, ""Vicenza"": 1}"
women:api:50792,R. Goto,women,ambiguous,6,"{""itf"": 5, ""qualifying"": 1}","{""hard"": 6}","{""W50 Wuning"": 4, ""W100 Wuning (China)"": 2}"
men:api:2188,A. Huertas Del Pino Cordova,men,unmapped,5,"{""challenger"": 4, ""qualifying"": 1}","{""clay"": 5}","{""San Miguel de Tucuman"": 4, ""Asuncion 2 (Paraguay) - Qualification"": 1}"
women:api:1358,A. Lutkemeyer,women,unmapped,5,"{""itf"": 4, ""qualifying"": 1}","{""hard"": 5}","{""W15 Lakewood, CA"": 5}"
women:api:52653,A. Nguyen,women,ambiguous,5,"{""itf"": 5}","{""hard"": 5}","{""W15 Los Angeles, CA"": 3, ""W15 Lakewood, CA"": 2}"
men:api:63483,E. Kohlmann,men,unmapped,5,"{""itf"": 4, ""qualifying"": 1}","{""clay"": 5}","{""M25 Cuiaba"": 2, ""M15 Brasilia"": 2, ""Asuncion 2 (Paraguay) - Qualification"": 1}"
men:api:90024,F. L. Storck,men,unmapped,5,"{""grand_slam"": 5}","{""clay"": 5}","{""French Open"": 5}"
men:api:902,J. Mensik,men,ambiguous,5,"{""grand_slam"": 5}","{""clay"": 5}","{""French Open"": 5}"
men:api:2408,J. Reis Da Silva,men,ambiguous,5,"{""challenger"": 5}","{""clay"": 5}","{""Heilbronn"": 2, ""Bratislava"": 2, ""Vicenza"": 1}"
women:api:20381,K. Diatlova,women,unmapped,5,"{""itf"": 5}","{""hard"": 5}","{""W15 Kayseri 2"": 2, ""W15 Kayseri 3"": 2, ""W15 Kayseri 4"": 1}"
women:api:12869,M. Timofeeva,women,ambiguous,5,"{""challenger"": 4, ""qualifying"": 1}","{""clay"": 5}","{""Makarska"": 5}"
men:api:100794,N. Belozertsev,men,unmapped,5,"{""grand_slam"": 2, ""itf"": 2, ""qualifying"": 1}","{""clay"": 5}","{""M15 Nyiregyhaza"": 3, ""French Open"": 2}"
men:api:14638,N. Mashtakov,men,unmapped,5,"{""itf"": 4, ""qualifying"": 1}","{""clay"": 5}","{""M15 Kursumlijska Banja 4"": 3, ""M25 Bol 2"": 2}"
men:api:14315,T. Duran,men,ambiguous,5,"{""qualifying"": 5}","{""hard"": 5}","{""Centurion 2 (South Africa) - Qualification"": 5}"
men:api:9229,V. C. Loureiro J.,men,unmapped,5,"{""itf"": 3, ""qualifying"": 2}","{""clay"": 5}","{""M15 Brasilia"": 3, ""M25 Cuiaba"": 1, ""Asuncion 2 (Paraguay) - Qualification"": 1}"
men:api:13016,A. Abibsi,men,unmapped,4,"{""itf"": 4}","{""hard"": 4}","{""M15 Kayseri 3"": 2, ""M15 Kayseri 4"": 2}"
men:api:89204,A. Rusher,men,ambiguous,4,"{""grand_slam"": 4}","{""clay"": 4}","{""French Open"": 4}"
men:api:82135,B. O'Connell,men,ambiguous,4,"{""challenger"": 1, ""itf"": 2, ""qualifying"": 1}","{""grass"": 1, ""hard"": 3}","{""M15 Los Angeles, CA"": 3, ""Birmingham"": 1}"
women:api:142,G. Maristany,women,unmapped,4,"{""itf"": 3, ""qualifying"": 1}","{""clay"": 4}","{""W75 Zaragoza (Spain)"": 4}"
women:api:95214,H. E. Lee,women,ambiguous,4,"{""grand_slam"": 4}","{""clay"": 4}","{""French Open"": 4}"
men:api:50705,H. S. Callejon,men,unmapped,4,"{""challenger"": 1, ""qualifying"": 3}","{""clay"": 4}","{""Cattolica (Italy) - Qualification"": 3, ""Parma"": 1}"
men:api:92968,I. B. Petre S.,men,unmapped,4,"{""itf"": 3, ""qualifying"": 1}","{""clay"": 4}","{""M25 Bistrita (Romania)"": 3, ""M15 Curtea de Arges"": 1}"
men:api:68750,J. Kennedy,men,ambiguous,4,"{""grand_slam"": 4}","{""clay"": 4}","{""French Open"": 4}"
women:api:2120,J. Konishi Silva,women,ambiguous,4,"{""itf"": 4}","{""clay"": 2, ""hard"": 2}","{""W15 Brasilia (Brazil)"": 2, ""W35 Cuiaba"": 2}"
men:api:14306,Je. Delaney,men,ambiguous,4,"{""itf"": 3, ""qualifying"": 1}","{""clay"": 1, ""hard"": 3}","{""M15 Harmon"": 3, ""M15 Karuizawa"": 1}"
men:api:23302,L. F. Miguel,men,ambiguous,4,"{""itf"": 3, ""qualifying"": 1}","{""clay"": 4}","{""M15 Brasilia"": 4}"
women:api:1815,L. Sun,women,ambiguous,4,"{""atp_wta"": 1, ""challenger"": 3}","{""clay"": 1, ""grass"": 3}","{""Ilkley"": 2, ""Birmingham"": 1, ""Berlin"": 1}"
women:api:92934,M. E. Carbone,women,unmapped,4,"{""itf"": 3, ""qualifying"": 1}","{""clay"": 1, ""hard"": 3}","{""W15 Brasilia (Brazil)"": 3, ""W35 Cuiaba"": 1}"
women:api:1415,M. Herazo Gonzalez,women,ambiguous,4,"{""itf"": 4}","{""clay"": 2, ""hard"": 2}","{""W15 Brasilia (Brazil)"": 2, ""W35 Cuiaba"": 2}"
women:api:38938,M. Mikhaylova,women,unmapped,4,"{""itf"": 4}","{""clay"": 4}","{""W15 Tsaghkadzor 2"": 2, ""W15 Casablanca"": 2}"
men:api:54471,M. Mikovic,men,ambiguous,4,"{""itf"": 4}","{""clay"": 4}","{""M15 Kranjska Gora (Slovenia)"": 2, ""M15 Ljubljana"": 2}"
women:api:37889,Mushika Mao,women,unmapped,4,"{""itf"": 3, ""qualifying"": 1}","{""hard"": 4}","{""W15 Tokyo"": 3, ""W15 Fukui"": 1}"
men:api:95164,O. Majdandzic,men,unmapped,4,"{""grand_slam"": 4}","{""clay"": 4}","{""French Open"": 4}"
men:api:10508,P. A. Saraiva Dos Santos,men,ambiguous,4,"{""challenger"": 1, ""itf"": 2, ""qualifying"": 1}","{""clay"": 4}","{""M15 Brasilia"": 3, ""Kosice"": 1}"
men:api:840,S. Popovic,men,ambiguous,4,"{""itf"": 3, ""qualifying"": 1}","{""clay"": 4}","{""M25 Kursumlijska Banja"": 3, ""M15 Kursumlijska Banja 3"": 1}"
women:api:7486,S. Saito,women,ambiguous,4,"{""itf"": 3, ""qualifying"": 1}","{""hard"": 4}","{""W100 Wuning (China)"": 4}"
men:api:10295,S. Shin,men,unmapped,4,"{""itf"": 3, ""qualifying"": 1}","{""hard"": 4}","{""M15 Gimcheon 2"": 4}"
women:api:54661,S. Ye,women,ambiguous,4,"{""grand_slam"": 3, ""itf"": 1}","{""clay"": 3, ""hard"": 1}","{""French Open"": 3, ""W100 Wuning (China)"": 1}"
men:api:78983,T. Behrmann,men,unmapped,4,"{""grand_slam"": 4}","{""clay"": 4}","{""French Open"": 4}"
men:api:851,T. Compagnucci,men,ambiguous,4,"{""challenger"": 4}","{""clay"": 4}","{""Vicenza"": 2, ""Parma"": 2}"
women:api:463,Xiy. Wang,women,ambiguous,4,"{""grand_slam"": 3, ""qualifying"": 1}","{""clay"": 4}","{""French Open"": 3, ""Modena (Italy) - Qualification"": 1}"
men:api:83228,A. Aiukhanov,men,ambiguous,3,"{""itf"": 3}","{""clay"": 3}","{""M15 Tsaghkadzor 2"": 2, ""M15 Tsaghkadzor"": 1}"
women:api:20694,A. Brune,women,unmapped,3,"{""itf"": 3}","{""clay"": 3}","{""W15 Ontinyent (Spain)"": 2, ""W15 Oliva (Spain)"": 1}"
women:api:13538,A. Chanta,women,ambiguous,3,"{""itf"": 2, ""qualifying"": 1}","{""hard"": 3}","{""W100 Wuning (China)"": 3}"
men:api:31252,A. F. Alhogbani,men,ambiguous,3,"{""itf"": 2, ""qualifying"": 1}","{""hard"": 3}","{""M15 Kayseri 2"": 3}"
women:api:14547,A. Korneeva,women,ambiguous,3,"{""challenger"": 1, ""grand_slam"": 2}","{""clay"": 2, ""grass"": 1}","{""French Open"": 2, ""Ilkley"": 1}"
women:api:123,A. S. Sanchez,women,ambiguous,3,"{""itf"": 3}","{""hard"": 3}","{""W50 Guimaraes"": 2, ""W100 Sumter"": 1}"
men:api:662,B. Kuzuhara,men,ambiguous,3,"{""challenger"": 2, ""itf"": 1}","{""hard"": 3}","{""Tyler"": 2, ""M25 Wichita, KS"": 1}"
men:api:58219,C. E. Tufekci,men,unmapped,3,"{""itf"": 3}","{""hard"": 3}","{""M15 Kayseri 2"": 2, ""M15 Kayseri 3"": 1}"
women:api:73111,C. Rodero,women,ambiguous,3,"{""itf"": 3}","{""clay"": 3}","{""W15 Ontinyent (Spain)"": 2, ""W15 Oliva (Spain)"": 1}"
men:api:102991,C. Thies,men,unmapped,3,"{""grand_slam"": 3}","{""clay"": 3}","{""French Open"": 3}"
men:api:37909,D. Petrovic,men,ambiguous,3,"{""itf"": 3}","{""clay"": 3}","{""M25 Kiseljak"": 2, ""M25 Bol 2"": 1}"
men:api:74446,D. Shirokyi,men,unmapped,3,"{""itf"": 3}","{""clay"": 3}","{""M25 Kursumlijska Banja"": 2, ""M15 Kursumlijska Banja 4"": 1}"
women:api:1151,G. Ruse,women,unmapped,3,"{""atp_wta"": 2, ""qualifying"": 1}","{""grass"": 3}","{""Hertogenbosch"": 3}"
men:api:2516,J. Nicod,men,ambiguous,3,"{""challenger"": 1, ""itf"": 2}","{""clay"": 3}","{""M25 Bol 2"": 1, ""Prostejov"": 1, ""M25 Ceska Lipa"": 1}"
women:api:63420,J. Zhang,women,ambiguous,3,"{""itf"": 3}","{""hard"": 3}","{""W100 Wuning (China)"": 2, ""W35 Wuning 2 (China)"": 1}"
men:api:55113,K. K. Lee,men,ambiguous,3,"{""itf"": 3}","{""hard"": 3}","{""M15 Los Angeles, CA"": 2, ""M15 Lakewood, CA"": 1}"
women:api:71661,K. Zajickova,women,unmapped,3,"{""grand_slam"": 3}","{""clay"": 3}","{""French Open"": 3}"
women:api:38234,Kim Eunchae,women,unmapped,3,"{""itf"": 2, ""qualifying"": 1}","{""hard"": 3}","{""W15 Fukui"": 3}"
women:api:451,L. Zhu,women,ambiguous,3,"{""atp_wta"": 3}","{""clay"": 1, ""grass"": 2}","{""Hertogenbosch"": 2, ""Berlin"": 1}"
men:api:14087,M. Jones,men,ambiguous,3,"{""itf"": 3}","{""hard"": 3}","{""M15 Lakewood, CA"": 1, ""M15 Lakewood, CA 2"": 1, ""M15 Los Angeles, CA"": 1}"
women:api:23806,M. L. Oliveira,women,ambiguous,3,"{""itf"": 3}","{""clay"": 1, ""hard"": 2}","{""W15 Brasilia (Brazil)"": 2, ""W35 Cuiaba"": 1}"
men:api:40129,O. Poulsen Brostrom,men,unmapped,3,"{""itf"": 3}","{""clay"": 3}","{""M25 Grado (Italy)"": 2, ""M25 Varnamo"": 1}"
men:api:1872,Pe. Tsitsipas,men,ambiguous,3,"{""itf"": 3}","{""clay"": 1, ""hard"": 2}","{""M15 Vaasa"": 2, ""M25 Caltanissetta (Italy)"": 1}"
women:api:37270,R. Zhang,women,ambiguous,3,"{""grand_slam"": 2, ""itf"": 1}","{""clay"": 3}","{""French Open"": 2, ""W35 San Gregorio 3 (Italy)"": 1}"
men:api:101032,S. Azam,men,unmapped,3,"{""grand_slam"": 3}","{""clay"": 3}","{""French Open"": 3}"
women:api:38259,S. Ewing,women,ambiguous,3,"{""itf"": 3}","{""hard"": 3}","{""W15 Los Angeles, CA"": 2, ""W35 Wichita, KS"": 1}"
women:api:70300,S. Y. Cheuk,women,unmapped,3,"{""itf"": 2, ""qualifying"": 1}","{""hard"": 3}","{""W15 Fukui"": 3}"
men:api:40127,Sun Qian,men,unmapped,3,"{""itf"": 3}","{""hard"": 3}","{""M15 Luan 3"": 2, ""M15 Luan 2"": 1}"
men:api:95473,T. Rosenkranz-Konig,men,unmapped,3,"{""itf"": 3}","{""clay"": 3}","{""M15 Brcko"": 1, ""M15 Szentendre"": 1, ""M15 Nyiregyhaza"": 1}"
men:api:61033,T. Trufelli,men,ambiguous,3,"{""grand_slam"": 1, ""itf"": 2}","{""clay"": 3}","{""M25 Carnac"": 1, ""French Open"": 1, ""M15 Nyiregyhaza"": 1}"
women:api:5722,W. Zheng,women,ambiguous,3,"{""itf"": 3}","{""hard"": 3}","{""W50 Wuning"": 2, ""W35 Wuning 2 (China)"": 1}"
women:api:22317,X. T. Wang,women,ambiguous,3,"{""itf"": 2, ""qualifying"": 1}","{""hard"": 3}","{""W35 Wichita, KS"": 3}"
women:api:80294,Y. J. Lin,women,ambiguous,3,"{""grand_slam"": 3}","{""clay"": 3}","{""French Open"": 3}"
men:api:32066,Y. Jeong,men,ambiguous,3,"{""itf"": 2, ""qualifying"": 1}","{""hard"": 3}","{""M15 Gimcheon 2"": 3}"
women:api:1023,Y. Y. Yang,women,ambiguous,3,"{""itf"": 3}","{""hard"": 3}","{""W100 Wuning (China)"": 2, ""W50 Wuning"": 1}"
men:api:2481,A. Ayeni,men,unmapped,2,"{""challenger"": 2}","{""clay"": 2}","{""Prostejov"": 2}"
men:api:53732,A. Blus,men,unmapped,2,"{""challenger"": 1, ""grand_slam"": 1}","{""clay"": 2}","{""French Open"": 1, ""Poznan"": 1}"
women:api:7125,A. Gupta,women,ambiguous,2,"{""itf"": 2}","{""clay"": 2}","{""W15 Casablanca"": 2}"
women:api:2270,A. James,women,ambiguous,2,"{""grand_slam"": 2}","{""clay"": 2}","{""French Open"": 2}"
women:api:17346,A. Smith,women,ambiguous,2,"{""itf"": 1, ""qualifying"": 1}","{""hard"": 2}","{""W100 Sumter"": 1, ""Figueira Da Foz (Portugal) - Qualification"": 1}"
women:api:13987,A. Sobolieva,women,unmapped,2,"{""itf"": 2}","{""clay"": 2}","{""W75 Ceska Lipa"": 2}"
men:api:103737,A. Tiutchenko,men,unmapped,2,"{""itf"": 2}","{""clay"": 2}","{""M15 Nyiregyhaza"": 2}"
men:api:2838,B. Nakashima,men,ambiguous,2,"{""grand_slam"": 2}","{""clay"": 2}","{""French Open"": 2}"
men:api:76298,B. Seleznev,men,unmapped,2,"{""itf"": 2}","{""hard"": 2}","{""M15 Kayseri 3"": 1, ""M15 Kayseri 4"": 1}"
men:api:13283,C. Bittoun,men,unmapped,2,"{""qualifying"": 2}","{""hard"": 2}","{""Centurion (South Africa) - Qualification"": 1, ""Centurion 2 (South Africa) - Qualification"": 1}"
men:api:10849,C. H. van Schalkwyk,men,ambiguous,2,"{""qualifying"": 2}","{""hard"": 2}","{""Centurion (South Africa) - Qualification"": 1, ""Centurion 2 (South Africa) - Qualification"": 1}"
men:api:421,C. O'Connell,men,unmapped,2,"{""challenger"": 2}","{""grass"": 2}","{""Birmingham"": 1, ""Ilkley"": 1}"
women:api:33851,Cam. Markus,women,ambiguous,2,"{""itf"": 2}","{""clay"": 1, ""hard"": 1}","{""W15 Brasilia (Brazil)"": 1, ""W35 Cuiaba"": 1}"
men:api:83534,Cho Seung Woo,men,unmapped,2,"{""itf"": 2}","{""hard"": 2}","{""M15 Gimcheon 2"": 2}"
women:api:122,D. Marcinkevica,women,ambiguous,2,"{""itf"": 2}","{""clay"": 1, ""hard"": 1}","{""W15 Oliva (Spain)"": 1, ""W50 Guimaraes"": 1}"
men:api:17463,Dar. Blanch,men,ambiguous,2,"{""challenger"": 1, ""qualifying"": 1}","{""grass"": 2}","{""Ilkley"": 2}"
women:api:10924,E. Jones,women,ambiguous,2,"{""challenger"": 2}","{""grass"": 2}","{""Birmingham"": 1, ""Ilkley"": 1}"
women:api:26931,E. Lee,women,ambiguous,2,"{""itf"": 2}","{""hard"": 2}","{""W50 Wuning"": 1, ""W100 Wuning (China)"": 1}"
women:api:17,F. Dell'Edera,women,unmapped,2,"{""challenger"": 1, ""itf"": 1}","{""clay"": 1, ""hard"": 1}","{""W15 Monastir 15"": 1, ""Foggia (Italy)"": 1}"
men:api:93298,F. J. Rivadeneira Gallegos,men,unmapped,2,"{""itf"": 2}","{""hard"": 2}","{""M15 Kayseri 4"": 2}"
men:api:79642,F. Zakaria,men,unmapped,2,"{""challenger"": 2}","{""clay"": 2}","{""Bratislava"": 1, ""Poznan"": 1}"
women:api:32808,G. Jang,women,ambiguous,2,"{""itf"": 2}","{""hard"": 2}","{""W15 Tokyo"": 2}"
women:api:102570,G. Mais,women,unmapped,2,"{""itf"": 2}","{""hard"": 2}","{""W15 Monastir 15"": 2}"
women:api:70676,G. Nemcsek,women,ambiguous,2,"{""itf"": 2}","{""clay"": 2}","{""W15 Osijek"": 2}"
women:api:2115,G. Parentini,women,unmapped,2,"{""itf"": 2}","{""clay"": 2}","{""W15 Tsaghkadzor 2"": 1, ""W15 Focsani"": 1}"
women:api:54092,I. T. Sava,women,ambiguous,2,"{""itf"": 2}","{""clay"": 2}","{""W15 Osijek"": 2}"
women:api:24284,J. Dourado Zimermman,women,unmapped,2,"{""itf"": 2}","{""clay"": 1, ""hard"": 1}","{""W15 Brasilia (Brazil)"": 1, ""W35 Cuiaba"": 1}"
men:api:83545,J. Vrba,men,ambiguous,2,"{""itf"": 2}","{""clay"": 2}","{""M25 Ceska Lipa"": 2}"
men:api:90131,K. Kang,men,ambiguous,2,"{""itf"": 2}","{""hard"": 2}","{""M15 Luan 3"": 2}"
women:api:51003,K. Mrazikova,women,ambiguous,2,"{""itf"": 2}","{""clay"": 2}","{""W15 Osijek"": 2}"
men:api:63406,K. S. Chen,men,ambiguous,2,"{""grand_slam"": 2}","{""clay"": 2}","{""French Open"": 2}"
men:api:23191,K. Suzuki,men,ambiguous,2,"{""itf"": 2}","{""clay"": 1, ""hard"": 1}","{""M15 Karuizawa"": 1, ""M15 Harmon"": 1}"
men:api:95212,K. Watanabe,men,unmapped,2,"{""grand_slam"": 2}","{""clay"": 2}","{""French Open"": 2}"
women:api:13865,L. Alhussein,women,unmapped,2,"{""itf"": 2}","{""grass"": 2}","{""W50 Hurghada (Egypt)"": 2}"
women:api:462,L. Miyazaki,women,unmapped,2,"{""atp_wta"": 1, ""challenger"": 1}","{""grass"": 2}","{""Birmingham"": 1, ""London"": 1}"
women:api:135,M. Bassols,women,unmapped,2,"{""grand_slam"": 1, ""qualifying"": 1}","{""clay"": 2}","{""French Open"": 1, ""Modena (Italy) - Qualification"": 1}"
men:api:102651,M. Bekeni,men,unmapped,2,"{""challenger"": 2}","{""clay"": 2}","{""Prostejov"": 1, ""Bratislava"": 1}"
men:api:680,M. Jones,men,ambiguous,2,"{""itf"": 2}","{""hard"": 2}","{""M15 Tokyo"": 2}"
men:api:1200,M. Sasikumar,men,unmapped,2,"{""qualifying"": 2}","{""hard"": 2}","{""Centurion (South Africa) - Qualification"": 1, ""Centurion 2 (South Africa) - Qualification"": 1}"
women:api:460,M. Uchijima,women,ambiguous,2,"{""grand_slam"": 1, ""itf"": 1}","{""clay"": 1, ""hard"": 1}","{""French Open"": 1, ""W35 Wichita, KS"": 1}"
women:api:102994,M. V. Pop,women,unmapped,2,"{""grand_slam"": 2}","{""clay"": 2}","{""French Open"": 2}"
men:api:102992,N. Raghuram,men,unmapped,2,"{""grand_slam"": 2}","{""clay"": 2}","{""French Open"": 2}"
women:api:89210,R. Yoshida,women,ambiguous,2,"{""grand_slam"": 1, ""itf"": 1}","{""clay"": 1, ""hard"": 1}","{""French Open"": 1, ""W15 Tokyo"": 1}"
women:api:67444,S. Llewellyn,women,ambiguous,2,"{""itf"": 2}","{""hard"": 2}","{""W35 Decatur, IL"": 2}"
women:api:37886,T. Rakotomanga Rajaonah,women,ambiguous,2,"{""qualifying"": 2}","{""clay"": 2}","{""Modena (Italy) - Qualification"": 2}"
men:api:38273,W. K. Leong M.,men,unmapped,2,"{""itf"": 2}","{""hard"": 2}","{""M15 Maanshan 5"": 2}"
men:api:1062,Wu Tung-Lin,men,unmapped,2,"{""challenger"": 2}","{""hard"": 2}","{""Little Rock"": 1, ""Tyler"": 1}"
men:api:56741,X. Yang,men,ambiguous,2,"{""itf"": 2}","{""hard"": 2}","{""M15 Luan 3"": 1, ""M15 Maanshan 5"": 1}"
men:api:38292,Y. Jeong,men,ambiguous,2,"{""itf"": 2}","{""hard"": 2}","{""M15 Gimcheon 2"": 2}"
women:api:62139,Y. Kim,women,ambiguous,2,"{""itf"": 2}","{""hard"": 2}","{""W15 Fukui"": 2}"
women:api:84070,A. Adeikyte,women,ambiguous,1,"{""itf"": 1}","{""clay"": 1}","{""W15 Banja Luka"": 1}"
men:api:90116,A. Aiukhanov,men,ambiguous,1,"{""itf"": 1}","{""clay"": 1}","{""M15 Tsaghkadzor"": 1}"
men:api:103493,A. Baybars,men,unmapped,1,"{""itf"": 1}","{""hard"": 1}","{""M15 Kayseri 4"": 1}"
men:api:102990,A. Dubreuil,men,unmapped,1,"{""grand_slam"": 1}","{""clay"": 1}","{""French Open"": 1}"
men:api:30842,A. Duda,men,unmapped,1,"{""itf"": 1}","{""clay"": 1}","{""M25 Ceska Lipa"": 1}"
women:api:71935,A. Ferlito Faticanti,women,unmapped,1,"{""itf"": 1}","{""clay"": 1}","{""W15 Madrid 2"": 1}"
men:api:103757,A. G. Torres,men,unmapped,1,"{""itf"": 1}","{""clay"": 1}","{""M15 Brasilia"": 1}"
women:api:89986,A. Kostiushkina,women,unmapped,1,"{""itf"": 1}","{""hard"": 1}","{""W15 Kayseri 3"": 1}"
women:api:2576,A. Kucmova,women,unmapped,1,"{""itf"": 1}","{""clay"": 1}","{""W75 Ceska Lipa"": 1}"
women:api:93192,A. Kyselova,women,unmapped,1,"{""itf"": 1}","{""clay"": 1}","{""W15 Casablanca"": 1}"
women:api:95215,A. Malova,women,unmapped,1,"{""grand_slam"": 1}","{""clay"": 1}","{""French Open"": 1}"
women:api:38983,A. Melnikova,women,unmapped,1,"{""itf"": 1}","{""hard"": 1}","{""W15 Kayseri 4"": 1}"
men:api:1926,A. Popyrin,men,ambiguous,1,"{""grand_slam"": 1}","{""clay"": 1}","{""French Open"": 1}"
women:api:57751,A. Roots,women,ambiguous,1,"{""itf"": 1}","{""hard"": 1}","{""W15 Monastir 17"": 1}"
women:api:15341,A. Stevens,women,ambiguous,1,"{""itf"": 1}","{""clay"": 1}","{""W35 San Gregorio 3 (Italy)"": 1}"
women:api:6514,A. Walker,women,unmapped,1,"{""itf"": 1}","{""hard"": 1}","{""W35 Decatur, IL"": 1}"
men:api:757,B. Atlangeriev,men,ambiguous,1,"{""itf"": 1}","{""hard"": 1}","{""M15 Kayseri 2"": 1}"
women:api:55157,B. Black,women,ambiguous,1,"{""challenger"": 1}","{""grass"": 1}","{""Ilkley"": 1}"
men:api:83917,B. Geldof,men,unmapped,1,"{""grand_slam"": 1}","{""clay"": 1}","{""French Open"": 1}"
men:api:103005,B. Moxon,men,unmapped,1,"{""challenger"": 1}","{""grass"": 1}","{""Birmingham"": 1}"
women:api:4802,C. Werner,women,unmapped,1,"{""itf"": 1}","{""clay"": 1}","{""W100 Zagreb (Croatia)"": 1}"
women:api:2566,C. Wong Hong Yi,women,unmapped,1,"{""itf"": 1}","{""hard"": 1}","{""W50 Wuning"": 1}"
women:api:1362,C. Wu Ho,women,unmapped,1,"{""itf"": 1}","{""hard"": 1}","{""W15 Fukui"": 1}"
men:api:25278,D. C. Spiridon,men,ambiguous,1,"{""itf"": 1}","{""hard"": 1}","{""M15 Kayseri 2"": 1}"
men:api:28671,D. Fornaci,men,unmapped,1,"{""challenger"": 1}","{""clay"": 1}","{""Perugia"": 1}"
men:api:3132,D. Kim,men,ambiguous,1,"{""itf"": 1}","{""hard"": 1}","{""M15 Gimcheon 2"": 1}"
men:api:92862,D. N. Stoot,men,unmapped,1,"{""itf"": 1}","{""hard"": 1}","{""M15 Lakewood, CA 2"": 1}"
women:api:93255,D. Teodoro Souza,women,unmapped,1,"{""itf"": 1}","{""hard"": 1}","{""W15 Brasilia (Brazil)"": 1}"
men:api:103731,D. Yigin,men,unmapped,1,"{""itf"": 1}","{""clay"": 1}","{""M15 Kursumlijska Banja 4"": 1}"
men:api:66839,Dar. Blanch,men,ambiguous,1,"{""challenger"": 1}","{""grass"": 1}","{""Ilkley"": 1}"
men:api:84405,E. Betti,men,unmapped,1,"{""challenger"": 1}","{""clay"": 1}","{""Perugia"": 1}"
men:api:102989,E. Giurescu,men,unmapped,1,"{""grand_slam"": 1}","{""clay"": 1}","{""French Open"": 1}"
women:api:103004,E. Gomes,women,unmapped,1,"{""grand_slam"": 1}","{""clay"": 1}","{""French Open"": 1}"
women:api:87042,E. K. Malmkjaer,women,unmapped,1,"{""itf"": 1}","{""clay"": 1}","{""W15 Merzig"": 1}"
men:api:68041,F. A. Vazquez,men,ambiguous,1,"{""itf"": 1}","{""clay"": 1}","{""M15 Kursumlijska Banja 4"": 1}"
men:api:70265,F. F. Garbero,men,ambiguous,1,"{""itf"": 1}","{""hard"": 1}","{""M15 Monastir 22"": 1}"
men:api:102953,G. L. Zajc,men,unmapped,1,"{""itf"": 1}","{""clay"": 1}","{""M15 Kranjska Gora (Slovenia)"": 1}"
men:api:103642,G. Pistoia,men,unmapped,1,"{""itf"": 1}","{""clay"": 1}","{""M15 Messina"": 1}"
men:api:3135,H. Chung,men,ambiguous,1,"{""itf"": 1}","{""hard"": 1}","{""M15 Tokyo"": 1}"
men:api:103671,H. Nelson,men,unmapped,1,"{""itf"": 1}","{""hard"": 1}","{""M25 Wichita, KS"": 1}"
women:api:103747,H. Shabanpour,women,unmapped,1,"{""itf"": 1}","{""hard"": 1}","{""W15 Kayseri 4"": 1}"
men:api:17461,I. Orgiles Garcia Retamero,men,unmapped,1,"{""itf"": 1}","{""hard"": 1}","{""M25 Martos"": 1}"
women:api:103751,J. A. Abendroth,women,unmapped,1,"{""itf"": 1}","{""clay"": 1}","{""W15 Merzig"": 1}"
men:api:38832,J. Aguilar Cardozo,men,ambiguous,1,"{""challenger"": 1}","{""clay"": 1}","{""San Miguel de Tucuman"": 1}"
men:api:24403,J. Borba,men,unmapped,1,"{""qualifying"": 1}","{""clay"": 1}","{""Asuncion 2 (Paraguay) - Qualification"": 1}"
men:api:103798,J. Coudret,men,unmapped,1,"{""challenger"": 1}","{""clay"": 1}","{""Royan"": 1}"
men:api:103669,J. Cunha,men,unmapped,1,"{""itf"": 1}","{""clay"": 1}","{""M15 Brasilia"": 1}"
men:api:69090,J. D. Silva,men,ambiguous,1,"{""itf"": 1}","{""hard"": 1}","{""M15 Monastir 20"": 1}"
men:api:103450,J. Fabre,men,unmapped,1,"{""challenger"": 1}","{""clay"": 1}","{""Lyon"": 1}"
men:api:63925,J. Fuentes Vasquez,men,ambiguous,1,"{""itf"": 1}","{""hard"": 1}","{""M15 Lakewood, CA"": 1}"
men:api:9193,J. K. Trotter,men,ambiguous,1,"{""itf"": 1}","{""hard"": 1}","{""M25 Wichita, KS"": 1}"
men:api:103836,J. McGloughlin,men,unmapped,1,"{""qualifying"": 1}","{""grass"": 1}","{""Dublin (Ireland) - Qualification"": 1}"
men:api:103050,K. Akkocaoglu,men,unmapped,1,"{""challenger"": 1}","{""clay"": 1}","{""Heilbronn"": 1}"
women:api:81646,K. N. Kucikova,women,ambiguous,1,"{""itf"": 1}","{""clay"": 1}","{""W35 San Gregorio 3 (Italy)"": 1}"
women:api:2394,L. Fernandez,women,ambiguous,1,"{""atp_wta"": 1}","{""grass"": 1}","{""London"": 1}"
men:api:103758,L. G. Felisberto,men,unmapped,1,"{""itf"": 1}","{""clay"": 1}","{""M15 Brasilia"": 1}"
men:api:103753,L. Klaus,men,unmapped,1,"{""itf"": 1}","{""clay"": 1}","{""M25 Kiseljak"": 1}"
women:api:68376,L. Samsonova,women,ambiguous,1,"{""atp_wta"": 1}","{""grass"": 1}","{""London"": 1}"
men:api:102960,L. Soares,men,unmapped,1,"{""itf"": 1}","{""hard"": 1}","{""M15 Monastir 20"": 1}"
men:api:103831,L. Tombolini,men,unmapped,1,"{""challenger"": 1}","{""clay"": 1}","{""Parma"": 1}"
women:api:40287,L. X. Leong S.,women,unmapped,1,"{""itf"": 1}","{""hard"": 1}","{""W15 Fukui"": 1}"
women:api:55518,M. Biro,women,ambiguous,1,"{""itf"": 1}","{""clay"": 1}","{""W15 Szentendre (Hungary)"": 1}"
men:api:8579,M. Cho,men,unmapped,1,"{""grand_slam"": 1}","{""clay"": 1}","{""French Open"": 1}"
men:api:11182,M. Efstathiou,men,ambiguous,1,"{""itf"": 1}","{""hard"": 1}","{""M15 Kayseri 2"": 1}"
men:api:71651,M. Frohlich,men,unmapped,1,"{""itf"": 1}","{""clay"": 1}","{""M25 Ceska Lipa"": 1}"
men:api:103670,M. Henrique,men,unmapped,1,"{""itf"": 1}","{""clay"": 1}","{""M15 Brasilia"": 1}"
men:api:103306,M. Liszka,men,unmapped,1,"{""itf"": 1}","{""clay"": 1}","{""M15 Szentendre"": 1}"
men:api:103415,M. Lorincik,men,unmapped,1,"{""challenger"": 1}","{""clay"": 1}","{""Bratislava"": 1}"
women:api:103787,M. Steinkamp,women,unmapped,1,"{""atp_wta"": 1}","{""clay"": 1}","{""Berlin"": 1}"
men:api:102986,M. Vukovic,men,unmapped,1,"{""grand_slam"": 1}","{""clay"": 1}","{""French Open"": 1}"
women:api:2263,M. Wang,women,ambiguous,1,"{""itf"": 1}","{""hard"": 1}","{""W35 Wuning 2 (China)"": 1}"
women:api:2024,Mat. Mariani,women,ambiguous,1,"{""itf"": 1}","{""hard"": 1}","{""W15 Monastir 15"": 1}"
women:api:10893,Mushika Mio,women,unmapped,1,"{""itf"": 1}","{""hard"": 1}","{""W15 Tokyo"": 1}"
men:api:103006,N. Bartolucci,men,unmapped,1,"{""challenger"": 1}","{""clay"": 1}","{""Perugia"": 1}"
women:api:13071,N. Kawagishi,women,ambiguous,1,"{""itf"": 1}","{""hard"": 1}","{""W15 Tokyo"": 1}"
women:api:103769,N. Kha,women,unmapped,1,"{""itf"": 1}","{""hard"": 1}","{""W15 Los Angeles, CA"": 1}"
women:api:58205,N. Lee,women,ambiguous,1,"{""grand_slam"": 1}","{""clay"": 1}","{""French Open"": 1}"
men:api:102954,N. M. Becirovic,men,unmapped,1,"{""itf"": 1}","{""clay"": 1}","{""M15 Kranjska Gora (Slovenia)"": 1}"
men:api:82785,N. Robert,men,unmapped,1,"{""itf"": 1}","{""hard"": 1}","{""M15 Monastir 20"": 1}"
women:api:11584,N. Sato,women,ambiguous,1,"{""itf"": 1}","{""hard"": 1}","{""W15 Tokyo"": 1}"
women:api:65787,Ohwaki Yui,women,unmapped,1,"{""itf"": 1}","{""hard"": 1}","{""W15 Fukui"": 1}"
men:api:68047,P. A. De Almeida Santos,men,ambiguous,1,"{""itf"": 1}","{""clay"": 1}","{""M15 Brasilia"": 1}"
men:api:11781,P. Dev S D,men,unmapped,1,"{""challenger"": 1}","{""clay"": 1}","{""Royan"": 1}"
men:api:103754,P. Hermoso,men,unmapped,1,"{""itf"": 1}","{""hard"": 1}","{""M25 Martos"": 1}"
men:api:83915,P. Pradat,men,unmapped,1,"{""grand_slam"": 1}","{""clay"": 1}","{""French Open"": 1}"
men:api:103296,R. Valetov,men,unmapped,1,"{""itf"": 1}","{""clay"": 1}","{""M15 Tsaghkadzor 2"": 1}"
women:api:92109,Re. Alame,women,ambiguous,1,"{""grand_slam"": 1}","{""clay"": 1}","{""French Open"": 1}"
women:api:32283,S. H. Jang,women,ambiguous,1,"{""itf"": 1}","{""hard"": 1}","{""W15 Monastir 17"": 1}"
women:api:103774,S. Holod,women,unmapped,1,"{""itf"": 1}","{""hard"": 1}","{""W35 Decatur, IL"": 1}"
men:api:4102,S. Nam Ji,men,unmapped,1,"{""challenger"": 1}","{""clay"": 1}","{""Prostejov"": 1}"
women:api:205,S. Park,women,ambiguous,1,"{""itf"": 1}","{""hard"": 1}","{""W100 Wuning (China)"": 1}"
men:api:38120,S. Popovic,men,ambiguous,1,"{""itf"": 1}","{""hard"": 1}","{""M15 Vaasa"": 1}"
women:api:102790,S. S. Challarapu R. V.,women,unmapped,1,"{""itf"": 1}","{""hard"": 1}","{""W15 Monastir 15"": 1}"
women:api:30904,T. Hermanova,women,unmapped,1,"{""grand_slam"": 1}","{""clay"": 1}","{""French Open"": 1}"
men:api:102987,T. Kawaguchi,men,unmapped,1,"{""grand_slam"": 1}","{""clay"": 1}","{""French Open"": 1}"
men:api:103609,T. Miranda,men,unmapped,1,"{""itf"": 1}","{""hard"": 1}","{""M25 Martos"": 1}"
women:api:2578,T. Wuerth,women,unmapped,1,"{""itf"": 1}","{""clay"": 1}","{""W35 Bol 2"": 1}"
women:api:1030,V. Bokova,women,unmapped,1,"{""itf"": 1}","{""clay"": 1}","{""W15 Banja Luka"": 1}"
men:api:91821,V. Cunha,men,unmapped,1,"{""itf"": 1}","{""clay"": 1}","{""M15 Brasilia"": 1}"
men:api:39003,V. Dell'Elba,men,unmapped,1,"{""itf"": 1}","{""clay"": 1}","{""M15 Curtea de Arges"": 1}"
women:api:103748,V. Granichka,women,unmapped,1,"{""itf"": 1}","{""hard"": 1}","{""W15 Kayseri 4"": 1}"
women:api:37163,V. N. Sarganella,women,unmapped,1,"{""itf"": 1}","{""clay"": 1}","{""W15 Ontinyent (Spain)"": 1}"
men:api:704,V. Uzhylovskyi,men,unmapped,1,"{""challenger"": 1}","{""clay"": 1}","{""Royan"": 1}"
men:api:93728,W. B. Lee,men,ambiguous,1,"{""itf"": 1}","{""hard"": 1}","{""M15 Gimcheon 2"": 1}"
women:api:63417,W. Wan I,women,unmapped,1,"{""itf"": 1}","{""hard"": 1}","{""W35 Wuning 2 (China)"": 1}"
men:api:102985,X. Massotte,men,unmapped,1,"{""grand_slam"": 1}","{""clay"": 1}","{""French Open"": 1}"
men:api:5720,X. Zhou,men,ambiguous,1,"{""itf"": 1}","{""hard"": 1}","{""M15 Maanshan 5"": 1}"
women:api:1812,Xin. Wang,women,ambiguous,1,"{""grand_slam"": 1}","{""clay"": 1}","{""French Open"": 1}"
men:api:103608,Y. Baluska,men,unmapped,1,"{""itf"": 1}","{""clay"": 1}","{""M25 Kiseljak"": 1}"
men:api:103704,Y. C. Yang,men,unmapped,1,"{""itf"": 1}","{""hard"": 1}","{""M15 Maanshan 5"": 1}"
women:api:7926,Y. Chen,women,ambiguous,1,"{""itf"": 1}","{""hard"": 1}","{""W15 Los Angeles, CA"": 1}"
women:api:4112,Y. Kim,women,ambiguous,1,"{""itf"": 1}","{""hard"": 1}","{""W15 Kayseri 2"": 1}"
men:api:10334,Y. Mochizuki,men,ambiguous,1,"{""itf"": 1}","{""hard"": 1}","{""M15 Tokyo"": 1}"
women:api:58612,Y. Sun,women,ambiguous,1,"{""itf"": 1}","{""hard"": 1}","{""W35 Wuning 2 (China)"": 1}"
women:api:85999,Y. Wang,women,ambiguous,1,"{""itf"": 1}","{""hard"": 1}","{""W50 Wuning"": 1}"
women:api:84316,Y. Zhytelna,women,unmapped,1,"{""itf"": 1}","{""hard"": 1}","{""W15 Lakewood, CA 2"": 1}"
women:api:6687,Z. Safarova,women,ambiguous,1,"{""itf"": 1}","{""hard"": 1}","{""W15 Monastir 16"": 1}"
